timestamp, index, utilization.gpu [%], utilization.memory [%], memory.used [MiB], memory.total [MiB], power.draw [W], temperature.gpu, clocks.current.sm [MHz], clocks.current.memory [MHz]
2026/05/04 23:43:21.243, 0, 0, 0, 1, 24564, 24.81, 46, 210, 405
2026/05/04 23:43:21.347, 0, 0, 0, 1, 24564, 24.81, 46, 210, 405
2026/05/04 23:43:21.447, 0, 0, 0, 1, 24564, 24.81, 46, 210, 405
2026/05/04 23:43:21.547, 0, 0, 0, 1, 24564, 24.81, 46, 210, 405
2026/05/04 23:43:21.647, 0, 0, 0, 1, 24564, 24.81, 46, 210, 405
2026/05/04 23:43:21.748, 0, 0, 0, 1, 24564, 24.81, 46, 210, 405
2026/05/04 23:43:21.850, 0, 0, 0, 1, 24564, 24.81, 46, 210, 405
2026/05/04 23:43:21.950, 0, 0, 0, 1, 24564, 24.81, 46, 210, 405
2026/05/04 23:43:22.051, 0, 0, 0, 1, 24564, 24.81, 46, 210, 405
2026/05/04 23:43:22.151, 0, 0, 0, 1, 24564, 24.81, 46, 210, 405
2026/05/04 23:43:22.251, 0, 0, 0, 1, 24564, 24.81, 46, 210, 405
2026/05/04 23:43:22.351, 0, 0, 0, 1, 24564, 24.79, 46, 210, 405
2026/05/04 23:43:22.451, 0, 0, 0, 1, 24564, 24.79, 46, 210, 405
2026/05/04 23:43:22.552, 0, 0, 0, 1, 24564, 24.79, 46, 210, 405
2026/05/04 23:43:22.652, 0, 0, 0, 1, 24564, 24.79, 46, 210, 405
2026/05/04 23:43:22.752, 0, 0, 0, 1, 24564, 24.79, 46, 210, 405
2026/05/04 23:43:22.852, 0, 0, 0, 1, 24564, 24.79, 46, 210, 405
2026/05/04 23:43:22.953, 0, 0, 0, 1, 24564, 24.79, 46, 210, 405
2026/05/04 23:43:23.054, 0, 0, 0, 1, 24564, 24.79, 46, 210, 405
2026/05/04 23:43:23.154, 0, 0, 0, 1, 24564, 24.79, 46, 210, 405
2026/05/04 23:43:23.255, 0, 0, 0, 1, 24564, 24.79, 46, 210, 405
2026/05/04 23:43:23.355, 0, 0, 0, 1, 24564, 24.72, 46, 210, 405
2026/05/04 23:43:23.455, 0, 0, 0, 1, 24564, 24.72, 46, 210, 405
2026/05/04 23:43:23.555, 0, 0, 0, 1, 24564, 24.72, 46, 210, 405
2026/05/04 23:43:23.656, 0, 0, 0, 1, 24564, 24.72, 46, 210, 405
2026/05/04 23:43:23.756, 0, 0, 0, 1, 24564, 24.72, 46, 210, 405
2026/05/04 23:43:23.856, 0, 0, 0, 1, 24564, 24.72, 46, 210, 405
2026/05/04 23:43:23.956, 0, 0, 0, 1, 24564, 24.72, 46, 210, 405
2026/05/04 23:43:24.056, 0, 0, 0, 1, 24564, 24.72, 46, 210, 405
2026/05/04 23:43:24.157, 0, 0, 0, 1, 24564, 24.72, 46, 210, 405
2026/05/04 23:43:24.257, 0, 0, 0, 1, 24564, 24.72, 46, 210, 405
2026/05/04 23:43:24.357, 0, 0, 0, 1, 24564, 24.84, 46, 210, 405
2026/05/04 23:43:24.457, 0, 0, 0, 1, 24564, 24.84, 46, 210, 405
2026/05/04 23:43:24.557, 0, 0, 0, 1, 24564, 24.84, 46, 210, 405
2026/05/04 23:43:24.658, 0, 0, 0, 1, 24564, 24.84, 46, 210, 405
2026/05/04 23:43:24.758, 0, 0, 0, 1, 24564, 24.84, 46, 210, 405
2026/05/04 23:43:24.858, 0, 0, 0, 1, 24564, 24.84, 46, 210, 405
2026/05/04 23:43:24.958, 0, 0, 0, 1, 24564, 24.84, 46, 210, 405
2026/05/04 23:43:25.059, 0, 0, 0, 1, 24564, 24.84, 46, 210, 405
2026/05/04 23:43:25.159, 0, 0, 0, 1, 24564, 24.84, 46, 210, 405
2026/05/04 23:43:25.259, 0, 0, 0, 1, 24564, 24.84, 46, 210, 405
2026/05/04 23:43:25.359, 0, 0, 0, 1, 24564, 24.89, 46, 210, 405
2026/05/04 23:43:25.459, 0, 0, 0, 1, 24564, 24.89, 46, 210, 405
2026/05/04 23:43:25.560, 0, 0, 0, 1, 24564, 24.89, 46, 210, 405
2026/05/04 23:43:25.660, 0, 0, 0, 1, 24564, 24.89, 46, 210, 405
2026/05/04 23:43:25.760, 0, 0, 0, 1, 24564, 24.89, 46, 210, 405
2026/05/04 23:43:25.860, 0, 0, 0, 1, 24564, 24.89, 46, 210, 405
2026/05/04 23:43:25.961, 0, 0, 0, 1, 24564, 24.89, 46, 210, 405
2026/05/04 23:43:26.061, 0, 0, 0, 1, 24564, 24.89, 46, 210, 405
2026/05/04 23:43:26.161, 0, 0, 0, 1, 24564, 24.89, 46, 210, 405
2026/05/04 23:43:26.262, 0, 0, 0, 1, 24564, 24.89, 46, 210, 405
2026/05/04 23:43:26.362, 0, 0, 0, 1, 24564, 24.80, 46, 210, 405
2026/05/04 23:43:26.463, 0, 0, 0, 1, 24564, 24.80, 46, 210, 405
2026/05/04 23:43:26.563, 0, 0, 0, 1, 24564, 24.80, 46, 210, 405
2026/05/04 23:43:26.663, 0, 0, 0, 1, 24564, 24.80, 46, 210, 405
2026/05/04 23:43:26.763, 0, 0, 0, 1, 24564, 24.80, 46, 210, 405
2026/05/04 23:43:26.863, 0, 0, 0, 1, 24564, 24.80, 46, 210, 405
2026/05/04 23:43:26.964, 0, 0, 0, 1, 24564, 24.80, 46, 210, 405
2026/05/04 23:43:27.064, 0, 0, 0, 1, 24564, 24.80, 46, 210, 405
2026/05/04 23:43:27.164, 0, 0, 0, 1, 24564, 24.80, 46, 210, 405
2026/05/04 23:43:27.329, 0, 0, 0, 1, 24564, 24.80, 46, 210, 405
2026/05/04 23:43:27.429, 0, 0, 0, 1, 24564, 24.86, 46, 210, 405
2026/05/04 23:43:27.530, 0, 0, 0, 1, 24564, 24.86, 46, 210, 405
2026/05/04 23:43:27.630, 0, 0, 0, 1, 24564, 24.86, 46, 210, 405
2026/05/04 23:43:27.730, 0, 0, 0, 1, 24564, 24.86, 46, 210, 405
2026/05/04 23:43:27.830, 0, 0, 0, 1, 24564, 24.86, 46, 210, 405
2026/05/04 23:43:27.930, 0, 0, 0, 1, 24564, 24.86, 46, 210, 405
2026/05/04 23:43:28.031, 0, 0, 0, 1, 24564, 24.86, 46, 210, 405
2026/05/04 23:43:28.134, 0, 0, 0, 1, 24564, 24.86, 46, 210, 405
2026/05/04 23:43:28.234, 0, 0, 0, 1, 24564, 24.86, 46, 210, 405
2026/05/04 23:43:28.335, 0, 0, 0, 1, 24564, 24.86, 46, 210, 405
2026/05/04 23:43:28.435, 0, 0, 0, 1, 24564, 24.94, 46, 210, 405
2026/05/04 23:43:28.535, 0, 0, 0, 1, 24564, 24.94, 46, 210, 405
2026/05/04 23:43:28.635, 0, 0, 0, 1, 24564, 24.94, 46, 210, 405
2026/05/04 23:43:28.736, 0, 0, 0, 1, 24564, 24.94, 46, 210, 405
2026/05/04 23:43:28.836, 0, 0, 0, 1, 24564, 24.94, 46, 210, 405
2026/05/04 23:43:28.936, 0, 0, 0, 1, 24564, 24.94, 46, 210, 405
2026/05/04 23:43:29.036, 0, 0, 0, 1, 24564, 24.94, 46, 210, 405
2026/05/04 23:43:29.137, 0, 0, 0, 1, 24564, 24.94, 46, 210, 405
2026/05/04 23:43:29.237, 0, 0, 0, 1, 24564, 24.94, 46, 210, 405
2026/05/04 23:43:29.337, 0, 0, 0, 1, 24564, 24.94, 46, 210, 405
2026/05/04 23:43:29.437, 0, 0, 0, 1, 24564, 24.93, 46, 210, 405
2026/05/04 23:43:29.537, 0, 0, 0, 1, 24564, 24.93, 46, 210, 405
2026/05/04 23:43:29.638, 0, 0, 0, 1, 24564, 24.93, 46, 210, 405
2026/05/04 23:43:29.738, 0, 0, 0, 1, 24564, 24.93, 46, 210, 405
2026/05/04 23:43:29.838, 0, 0, 0, 1, 24564, 24.93, 46, 210, 405
2026/05/04 23:43:29.938, 0, 0, 0, 1, 24564, 24.93, 46, 210, 405
2026/05/04 23:43:30.039, 0, 0, 0, 1, 24564, 24.93, 46, 210, 405
2026/05/04 23:43:30.139, 0, 0, 0, 1, 24564, 24.93, 46, 210, 405
2026/05/04 23:43:30.239, 0, 0, 0, 1, 24564, 24.93, 46, 210, 405
2026/05/04 23:43:30.339, 0, 0, 0, 1, 24564, 24.93, 46, 210, 405
2026/05/04 23:43:30.440, 0, 0, 0, 1, 24564, 25.11, 46, 210, 405
2026/05/04 23:43:30.540, 0, 0, 0, 1, 24564, 25.11, 46, 210, 405
2026/05/04 23:43:30.640, 0, 0, 0, 1, 24564, 25.11, 46, 210, 405
2026/05/04 23:43:30.740, 0, 0, 0, 1, 24564, 25.11, 46, 210, 405
2026/05/04 23:43:30.840, 0, 0, 0, 1, 24564, 25.11, 46, 210, 405
2026/05/04 23:43:30.941, 0, 0, 0, 1, 24564, 25.11, 46, 210, 405
2026/05/04 23:43:31.041, 0, 0, 0, 1, 24564, 25.11, 46, 210, 405
2026/05/04 23:43:31.141, 0, 0, 0, 1, 24564, 25.11, 46, 210, 405
2026/05/04 23:43:31.241, 0, 0, 0, 1, 24564, 25.11, 46, 210, 405
2026/05/04 23:43:31.342, 0, 0, 0, 1, 24564, 25.11, 46, 210, 405
2026/05/04 23:43:31.442, 0, 0, 0, 1, 24564, 25.46, 46, 210, 405
2026/05/04 23:43:31.542, 0, 0, 0, 1, 24564, 25.46, 46, 210, 405
2026/05/04 23:43:31.642, 0, 0, 0, 1, 24564, 25.46, 46, 210, 405
2026/05/04 23:43:31.742, 0, 0, 0, 1, 24564, 25.46, 46, 210, 405
2026/05/04 23:43:31.843, 0, 0, 0, 1, 24564, 25.46, 46, 210, 405
2026/05/04 23:43:31.943, 0, 0, 0, 1, 24564, 25.46, 46, 210, 405
2026/05/04 23:43:32.043, 0, 0, 0, 1, 24564, 25.46, 46, 210, 405
2026/05/04 23:43:32.143, 0, 0, 0, 1, 24564, 25.46, 46, 210, 405
2026/05/04 23:43:32.243, 0, 0, 0, 1, 24564, 25.46, 46, 210, 405
2026/05/04 23:43:32.344, 0, 0, 0, 1, 24564, 25.46, 46, 210, 405
2026/05/04 23:43:32.444, 0, 0, 0, 1, 24564, 25.36, 45, 210, 405
2026/05/04 23:43:32.544, 0, 0, 0, 1, 24564, 25.36, 45, 210, 405
2026/05/04 23:43:32.644, 0, 0, 0, 1, 24564, 25.36, 45, 210, 405
2026/05/04 23:43:32.745, 0, 0, 0, 1, 24564, 25.36, 45, 210, 405
2026/05/04 23:43:32.845, 0, 0, 0, 1, 24564, 25.36, 45, 210, 405
2026/05/04 23:43:32.945, 0, 0, 0, 1, 24564, 25.36, 45, 210, 405
2026/05/04 23:43:33.045, 0, 0, 0, 1, 24564, 25.36, 45, 210, 405
2026/05/04 23:43:33.145, 0, 0, 0, 1, 24564, 25.36, 45, 210, 405
2026/05/04 23:43:33.245, 0, 0, 0, 1, 24564, 25.36, 45, 210, 405
2026/05/04 23:43:33.346, 0, 0, 0, 1, 24564, 25.04, 45, 210, 405
2026/05/04 23:43:33.446, 0, 0, 0, 1, 24564, 25.04, 45, 210, 405
2026/05/04 23:43:33.546, 0, 0, 0, 1, 24564, 25.04, 45, 210, 405
2026/05/04 23:43:33.647, 0, 0, 0, 1, 24564, 25.04, 45, 210, 405
2026/05/04 23:43:33.747, 0, 0, 0, 1, 24564, 25.04, 45, 210, 405
2026/05/04 23:43:33.848, 0, 0, 0, 1, 24564, 25.04, 45, 210, 405
2026/05/04 23:43:33.948, 0, 0, 0, 1, 24564, 25.04, 45, 210, 405
2026/05/04 23:43:34.048, 0, 0, 0, 1, 24564, 25.04, 45, 210, 405
2026/05/04 23:43:34.149, 0, 0, 0, 1, 24564, 25.04, 45, 210, 405
2026/05/04 23:43:34.249, 0, 0, 0, 1, 24564, 25.04, 45, 210, 405
2026/05/04 23:43:34.349, 0, 0, 0, 1, 24564, 24.94, 45, 210, 405
2026/05/04 23:43:34.450, 0, 0, 0, 1, 24564, 24.94, 45, 210, 405
2026/05/04 23:43:34.550, 0, 0, 0, 1, 24564, 24.94, 45, 210, 405
2026/05/04 23:43:34.651, 0, 0, 0, 1, 24564, 24.94, 45, 210, 405
2026/05/04 23:43:34.751, 0, 0, 0, 1, 24564, 24.94, 45, 210, 405
2026/05/04 23:43:34.851, 0, 0, 0, 1, 24564, 24.94, 45, 210, 405
2026/05/04 23:43:34.951, 0, 0, 0, 1, 24564, 24.94, 45, 210, 405
2026/05/04 23:43:35.051, 0, 0, 0, 1, 24564, 24.94, 45, 210, 405
2026/05/04 23:43:35.152, 0, 0, 0, 1, 24564, 24.94, 45, 210, 405
2026/05/04 23:43:35.252, 0, 0, 0, 1, 24564, 24.94, 45, 210, 405
2026/05/04 23:43:35.352, 0, 0, 0, 1, 24564, 24.98, 45, 210, 405
2026/05/04 23:43:35.452, 0, 0, 0, 1, 24564, 24.98, 45, 210, 405
2026/05/04 23:43:35.552, 0, 0, 0, 1, 24564, 24.98, 45, 210, 405
2026/05/04 23:43:35.652, 0, 0, 0, 1, 24564, 24.98, 45, 210, 405
2026/05/04 23:43:35.753, 0, 0, 0, 1, 24564, 24.98, 45, 210, 405
2026/05/04 23:43:35.853, 0, 0, 0, 1, 24564, 24.98, 45, 210, 405
2026/05/04 23:43:35.953, 0, 0, 0, 1, 24564, 24.98, 45, 210, 405
2026/05/04 23:43:36.053, 0, 0, 0, 1, 24564, 24.98, 45, 210, 405
2026/05/04 23:43:36.153, 0, 0, 0, 1, 24564, 24.98, 45, 210, 405
2026/05/04 23:43:36.254, 0, 0, 0, 1, 24564, 24.98, 45, 210, 405
2026/05/04 23:43:36.354, 0, 0, 0, 1, 24564, 25.01, 45, 210, 405
2026/05/04 23:43:36.454, 0, 0, 0, 1, 24564, 25.01, 45, 210, 405
2026/05/04 23:43:36.555, 0, 0, 0, 1, 24564, 25.01, 45, 210, 405
2026/05/04 23:43:36.655, 0, 0, 0, 1, 24564, 25.01, 45, 210, 405
2026/05/04 23:43:36.756, 0, 0, 0, 1, 24564, 25.01, 45, 210, 405
2026/05/04 23:43:36.856, 0, 0, 0, 1, 24564, 25.01, 45, 210, 405
2026/05/04 23:43:36.956, 0, 0, 0, 1, 24564, 25.01, 45, 210, 405
2026/05/04 23:43:37.057, 0, 0, 0, 1, 24564, 25.01, 45, 210, 405
2026/05/04 23:43:37.157, 0, 0, 0, 1, 24564, 25.01, 45, 210, 405
2026/05/04 23:43:37.258, 0, 0, 0, 1, 24564, 25.01, 45, 210, 405
2026/05/04 23:43:37.358, 0, 0, 0, 1, 24564, 24.80, 45, 210, 405
2026/05/04 23:43:37.458, 0, 0, 0, 1, 24564, 24.80, 45, 210, 405
2026/05/04 23:43:37.558, 0, 0, 0, 1, 24564, 24.80, 45, 210, 405
2026/05/04 23:43:37.659, 0, 0, 0, 1, 24564, 24.80, 45, 210, 405
2026/05/04 23:43:37.759, 0, 0, 0, 1, 24564, 24.80, 45, 210, 405
2026/05/04 23:43:37.860, 0, 0, 0, 1, 24564, 24.80, 45, 210, 405
2026/05/04 23:43:37.960, 0, 0, 0, 1, 24564, 24.80, 45, 210, 405
2026/05/04 23:43:38.060, 0, 0, 0, 1, 24564, 24.80, 45, 210, 405
2026/05/04 23:43:38.162, 0, 0, 0, 1, 24564, 24.80, 45, 210, 405
2026/05/04 23:43:38.262, 0, 0, 0, 1, 24564, 24.80, 45, 210, 405
2026/05/04 23:43:38.363, 0, 0, 0, 1, 24564, 24.74, 45, 210, 405
2026/05/04 23:43:38.463, 0, 0, 0, 1, 24564, 24.74, 45, 210, 405
2026/05/04 23:43:38.563, 0, 0, 0, 1, 24564, 24.74, 45, 210, 405
2026/05/04 23:43:38.663, 0, 0, 0, 1, 24564, 24.74, 45, 210, 405
2026/05/04 23:43:38.763, 0, 0, 0, 1, 24564, 24.74, 45, 210, 405
2026/05/04 23:43:38.864, 0, 0, 0, 1, 24564, 24.74, 45, 210, 405
2026/05/04 23:43:38.964, 0, 0, 0, 1, 24564, 24.74, 45, 210, 405
2026/05/04 23:43:39.064, 0, 0, 0, 1, 24564, 24.74, 45, 210, 405
2026/05/04 23:43:39.164, 0, 0, 0, 1, 24564, 24.74, 45, 210, 405
2026/05/04 23:43:39.265, 0, 0, 0, 1, 24564, 24.74, 45, 210, 405
2026/05/04 23:43:39.365, 0, 0, 0, 1, 24564, 24.78, 45, 210, 405
2026/05/04 23:43:39.465, 0, 0, 0, 1, 24564, 24.78, 45, 210, 405
2026/05/04 23:43:39.565, 0, 0, 0, 1, 24564, 24.78, 45, 210, 405
2026/05/04 23:43:39.665, 0, 0, 0, 1, 24564, 24.78, 45, 210, 405
2026/05/04 23:43:39.766, 0, 0, 0, 1, 24564, 24.78, 45, 210, 405
2026/05/04 23:43:39.866, 0, 0, 0, 1, 24564, 24.78, 45, 210, 405
2026/05/04 23:43:39.966, 0, 0, 0, 1, 24564, 24.78, 45, 210, 405
2026/05/04 23:43:40.066, 0, 0, 0, 1, 24564, 24.78, 45, 210, 405
2026/05/04 23:43:40.167, 0, 0, 0, 1, 24564, 24.78, 45, 210, 405
2026/05/04 23:43:40.267, 0, 0, 0, 1, 24564, 24.78, 45, 210, 405
2026/05/04 23:43:40.367, 0, 0, 0, 1, 24564, 24.74, 45, 210, 405
2026/05/04 23:43:40.467, 0, 0, 0, 1, 24564, 24.74, 45, 210, 405
2026/05/04 23:43:40.568, 0, 0, 0, 1, 24564, 24.74, 45, 210, 405
2026/05/04 23:43:40.668, 0, 0, 0, 1, 24564, 24.74, 45, 210, 405
2026/05/04 23:43:40.828, 0, 0, 0, 1, 24564, 24.74, 45, 210, 405
2026/05/04 23:43:40.928, 0, 0, 0, 1, 24564, 24.74, 45, 210, 405
2026/05/04 23:43:41.028, 0, 0, 0, 1, 24564, 24.74, 45, 210, 405
2026/05/04 23:43:41.128, 0, 0, 0, 1, 24564, 24.74, 45, 210, 405
2026/05/04 23:43:41.228, 0, 0, 0, 1, 24564, 24.74, 45, 210, 405
2026/05/04 23:43:41.329, 0, 0, 0, 1, 24564, 24.74, 45, 210, 405
2026/05/04 23:43:41.429, 0, 0, 0, 1, 24564, 24.78, 45, 210, 405
2026/05/04 23:43:41.529, 0, 0, 0, 1, 24564, 24.78, 45, 210, 405
2026/05/04 23:43:41.629, 0, 0, 0, 1, 24564, 24.78, 45, 210, 405
2026/05/04 23:43:41.729, 0, 0, 0, 1, 24564, 24.78, 45, 210, 405
2026/05/04 23:43:41.830, 0, 0, 0, 1, 24564, 24.78, 45, 210, 405
2026/05/04 23:43:41.930, 0, 0, 0, 1, 24564, 24.78, 45, 210, 405
2026/05/04 23:43:42.030, 0, 0, 0, 1, 24564, 24.78, 45, 210, 405
2026/05/04 23:43:42.130, 0, 0, 0, 1, 24564, 24.78, 45, 210, 405
2026/05/04 23:43:42.231, 0, 0, 0, 1, 24564, 24.78, 45, 210, 405
2026/05/04 23:43:42.331, 0, 0, 0, 1, 24564, 24.78, 45, 210, 405
2026/05/04 23:43:42.431, 0, 0, 0, 1, 24564, 24.67, 45, 210, 405
2026/05/04 23:43:42.531, 0, 0, 0, 1, 24564, 24.67, 45, 210, 405
2026/05/04 23:43:42.631, 0, 0, 0, 1, 24564, 24.67, 45, 210, 405
2026/05/04 23:43:42.732, 0, 0, 0, 1, 24564, 24.67, 45, 210, 405
2026/05/04 23:43:42.832, 0, 0, 0, 1, 24564, 24.67, 45, 210, 405
2026/05/04 23:43:42.932, 0, 0, 0, 1, 24564, 24.67, 45, 210, 405
2026/05/04 23:43:43.032, 0, 0, 0, 1, 24564, 24.67, 45, 210, 405
2026/05/04 23:43:43.134, 0, 0, 0, 1, 24564, 24.67, 45, 210, 405
2026/05/04 23:43:43.234, 0, 0, 0, 1, 24564, 24.67, 45, 210, 405
2026/05/04 23:43:43.335, 0, 0, 0, 1, 24564, 24.67, 45, 210, 405
2026/05/04 23:43:43.435, 0, 0, 0, 1, 24564, 24.65, 45, 210, 405
2026/05/04 23:43:43.535, 0, 0, 0, 1, 24564, 24.65, 45, 210, 405
2026/05/04 23:43:43.635, 0, 0, 0, 1, 24564, 24.65, 45, 210, 405
2026/05/04 23:43:43.735, 0, 0, 0, 1, 24564, 24.65, 45, 210, 405
2026/05/04 23:43:43.835, 0, 0, 0, 1, 24564, 24.65, 45, 210, 405
2026/05/04 23:43:43.936, 0, 0, 0, 1, 24564, 24.65, 45, 210, 405
2026/05/04 23:43:44.036, 0, 0, 0, 1, 24564, 24.65, 45, 210, 405
2026/05/04 23:43:44.136, 0, 0, 0, 1, 24564, 24.65, 45, 210, 405
2026/05/04 23:43:44.236, 0, 0, 0, 1, 24564, 24.65, 45, 210, 405
2026/05/04 23:43:44.337, 0, 0, 0, 1, 24564, 24.65, 45, 210, 405
2026/05/04 23:43:44.437, 0, 0, 0, 1, 24564, 24.63, 45, 210, 405
2026/05/04 23:43:44.537, 0, 0, 0, 1, 24564, 24.63, 45, 210, 405
2026/05/04 23:43:44.637, 0, 0, 0, 1, 24564, 24.63, 45, 210, 405
2026/05/04 23:43:44.737, 0, 0, 0, 1, 24564, 24.63, 45, 210, 405
2026/05/04 23:43:44.838, 0, 0, 0, 1, 24564, 24.63, 45, 210, 405
2026/05/04 23:43:44.938, 0, 0, 0, 1, 24564, 24.63, 45, 210, 405
2026/05/04 23:43:45.038, 0, 0, 0, 1, 24564, 24.63, 45, 210, 405
2026/05/04 23:43:45.138, 0, 0, 0, 1, 24564, 24.63, 45, 210, 405
2026/05/04 23:43:45.238, 0, 0, 0, 1, 24564, 24.63, 45, 210, 405
2026/05/04 23:43:45.339, 0, 0, 0, 1, 24564, 24.63, 45, 210, 405
2026/05/04 23:43:45.439, 0, 0, 0, 1, 24564, 24.61, 44, 210, 405
2026/05/04 23:43:45.539, 0, 0, 0, 1, 24564, 24.61, 44, 210, 405
2026/05/04 23:43:45.639, 0, 0, 0, 1, 24564, 24.61, 44, 210, 405
2026/05/04 23:43:45.739, 0, 0, 0, 1, 24564, 24.61, 44, 210, 405
2026/05/04 23:43:45.839, 0, 0, 0, 1, 24564, 24.61, 44, 210, 405
2026/05/04 23:43:45.940, 0, 0, 0, 1, 24564, 24.61, 44, 210, 405
2026/05/04 23:43:46.040, 0, 0, 0, 1, 24564, 24.61, 44, 210, 405
2026/05/04 23:43:46.140, 0, 0, 0, 1, 24564, 24.61, 44, 210, 405
2026/05/04 23:43:46.240, 0, 0, 0, 1, 24564, 24.61, 44, 210, 405
2026/05/04 23:43:46.341, 0, 0, 0, 1, 24564, 24.61, 44, 210, 405
2026/05/04 23:43:46.441, 0, 0, 0, 1, 24564, 24.77, 44, 210, 405
2026/05/04 23:43:46.541, 0, 0, 0, 1, 24564, 24.77, 44, 210, 405
2026/05/04 23:43:46.641, 0, 0, 0, 1, 24564, 24.77, 44, 210, 405
2026/05/04 23:43:46.742, 0, 0, 0, 1, 24564, 24.77, 44, 210, 405
2026/05/04 23:43:46.842, 0, 0, 0, 1, 24564, 24.77, 44, 210, 405
2026/05/04 23:43:46.942, 0, 0, 0, 1, 24564, 24.77, 44, 210, 405
2026/05/04 23:43:47.042, 0, 0, 0, 1, 24564, 24.77, 44, 210, 405
2026/05/04 23:43:47.142, 0, 0, 0, 1, 24564, 24.77, 44, 210, 405
2026/05/04 23:43:47.243, 0, 0, 0, 1, 24564, 24.77, 44, 210, 405
2026/05/04 23:43:47.343, 0, 0, 0, 1, 24564, 24.77, 44, 210, 405
2026/05/04 23:43:47.443, 0, 0, 0, 1, 24564, 24.69, 44, 210, 405
2026/05/04 23:43:47.543, 0, 0, 0, 1, 24564, 24.69, 44, 210, 405
2026/05/04 23:43:47.643, 0, 0, 0, 1, 24564, 24.69, 44, 210, 405
2026/05/04 23:43:47.744, 0, 0, 0, 1, 24564, 24.69, 44, 210, 405
2026/05/04 23:43:47.844, 0, 0, 0, 1, 24564, 24.69, 44, 210, 405
2026/05/04 23:43:47.944, 0, 0, 0, 1, 24564, 24.69, 44, 210, 405
2026/05/04 23:43:48.044, 0, 0, 0, 1, 24564, 24.69, 44, 210, 405
2026/05/04 23:43:48.144, 0, 0, 0, 1, 24564, 24.69, 44, 210, 405
2026/05/04 23:43:48.245, 0, 0, 0, 1, 24564, 24.69, 44, 210, 405
2026/05/04 23:43:48.345, 0, 0, 0, 1, 24564, 24.69, 44, 210, 405
2026/05/04 23:43:48.445, 0, 0, 0, 1, 24564, 24.65, 44, 210, 405
2026/05/04 23:43:48.545, 0, 0, 0, 1, 24564, 24.65, 44, 210, 405
2026/05/04 23:43:48.646, 0, 0, 0, 1, 24564, 24.65, 44, 210, 405
2026/05/04 23:43:48.746, 0, 0, 0, 1, 24564, 24.65, 44, 210, 405
2026/05/04 23:43:48.846, 0, 0, 0, 1, 24564, 24.65, 44, 210, 405
2026/05/04 23:43:48.946, 0, 0, 0, 1, 24564, 24.65, 44, 210, 405
2026/05/04 23:43:49.046, 0, 0, 0, 1, 24564, 24.65, 44, 210, 405
2026/05/04 23:43:49.147, 0, 0, 0, 1, 24564, 24.65, 44, 210, 405
2026/05/04 23:43:49.247, 0, 0, 0, 1, 24564, 24.65, 44, 210, 405
2026/05/04 23:43:49.347, 0, 0, 0, 1, 24564, 24.59, 44, 210, 405
2026/05/04 23:43:49.447, 0, 0, 0, 1, 24564, 24.59, 44, 210, 405
2026/05/04 23:43:49.548, 0, 0, 0, 1, 24564, 24.59, 44, 210, 405
2026/05/04 23:43:49.648, 0, 0, 0, 1, 24564, 24.59, 44, 210, 405
2026/05/04 23:43:49.748, 0, 0, 0, 1, 24564, 24.59, 44, 210, 405
2026/05/04 23:43:49.848, 0, 0, 0, 1, 24564, 24.59, 44, 210, 405
2026/05/04 23:43:49.948, 0, 0, 0, 1, 24564, 24.59, 44, 210, 405
2026/05/04 23:43:50.049, 0, 0, 0, 1, 24564, 24.59, 44, 210, 405
2026/05/04 23:43:50.149, 0, 0, 0, 1, 24564, 24.59, 44, 210, 405
2026/05/04 23:43:50.249, 0, 0, 0, 1, 24564, 24.59, 44, 210, 405
2026/05/04 23:43:50.349, 0, 0, 0, 1, 24564, 24.51, 44, 210, 405
2026/05/04 23:43:50.450, 0, 0, 0, 1, 24564, 24.51, 44, 210, 405
2026/05/04 23:43:50.550, 0, 0, 0, 1, 24564, 24.51, 44, 210, 405
2026/05/04 23:43:50.651, 0, 0, 0, 4, 24564, 24.51, 44, 210, 405
2026/05/04 23:43:50.751, 0, 0, 0, 4, 24564, 24.51, 44, 210, 405
2026/05/04 23:43:50.852, 0, 0, 0, 4, 24564, 24.61, 44, 210, 405
2026/05/04 23:43:50.952, 0, 0, 0, 396, 24564, 24.61, 44, 210, 405
2026/05/04 23:43:51.052, 0, 0, 0, 474, 24564, 24.61, 44, 210, 405
2026/05/04 23:43:51.152, 0, 0, 0, 474, 24564, 24.61, 44, 210, 405
2026/05/04 23:43:51.253, 0, 0, 0, 474, 24564, 24.61, 44, 210, 405
2026/05/04 23:43:51.353, 0, 0, 0, 1572, 24564, 43.02, 45, 2535, 10251
2026/05/04 23:43:51.453, 0, 0, 0, 1628, 24564, 43.02, 45, 2535, 10251
2026/05/04 23:43:51.553, 0, 0, 0, 1628, 24564, 43.02, 45, 2535, 10251
2026/05/04 23:43:51.653, 0, 0, 0, 1628, 24564, 43.02, 45, 2535, 10251
2026/05/04 23:43:51.753, 0, 0, 0, 1628, 24564, 43.02, 45, 2535, 10251
2026/05/04 23:43:51.854, 0, 0, 0, 15154, 24564, 64.44, 46, 2535, 10251
2026/05/04 23:43:51.954, 0, 0, 0, 15154, 24564, 64.44, 46, 2535, 10251
2026/05/04 23:43:52.054, 0, 0, 0, 15154, 24564, 64.44, 46, 2535, 10251
2026/05/04 23:43:52.154, 0, 0, 0, 15154, 24564, 64.44, 46, 2535, 10251
2026/05/04 23:43:52.254, 0, 0, 0, 15154, 24564, 64.44, 46, 2535, 10251
2026/05/04 23:43:52.354, 0, 0, 0, 15154, 24564, 71.89, 46, 2535, 10251
2026/05/04 23:43:52.454, 0, 0, 0, 15154, 24564, 71.89, 46, 2535, 10251
2026/05/04 23:43:52.555, 0, 0, 0, 15154, 24564, 71.89, 46, 2535, 10251
2026/05/04 23:43:52.655, 0, 0, 0, 15154, 24564, 71.89, 46, 2535, 10251
2026/05/04 23:43:52.755, 0, 0, 0, 15154, 24564, 71.89, 46, 2535, 10251
2026/05/04 23:43:52.855, 0, 0, 0, 15154, 24564, 72.00, 46, 2535, 10251
2026/05/04 23:43:52.956, 0, 0, 0, 15154, 24564, 72.00, 46, 2535, 10251
2026/05/04 23:43:53.056, 0, 0, 0, 15154, 24564, 72.00, 46, 2535, 10251
2026/05/04 23:43:53.156, 0, 0, 0, 15154, 24564, 72.00, 46, 2535, 10251
2026/05/04 23:43:53.256, 0, 0, 0, 15154, 24564, 72.00, 46, 2535, 10251
2026/05/04 23:43:53.356, 0, 27, 1, 15154, 24564, 72.20, 46, 2535, 10251
2026/05/04 23:43:53.457, 0, 27, 1, 15154, 24564, 72.20, 46, 2535, 10251
2026/05/04 23:43:53.557, 0, 27, 1, 15154, 24564, 72.20, 46, 2535, 10251
2026/05/04 23:43:53.657, 0, 27, 1, 15154, 24564, 72.20, 46, 2535, 10251
2026/05/04 23:43:53.757, 0, 27, 1, 15154, 24564, 72.20, 46, 2535, 10251
2026/05/04 23:43:53.858, 0, 27, 1, 15154, 24564, 72.43, 46, 2535, 10251
2026/05/04 23:43:53.958, 0, 27, 1, 15154, 24564, 72.43, 46, 2535, 10251
2026/05/04 23:43:54.058, 0, 27, 1, 15154, 24564, 72.43, 46, 2535, 10251
2026/05/04 23:43:54.158, 0, 27, 1, 15154, 24564, 72.43, 46, 2535, 10251
2026/05/04 23:43:54.259, 0, 27, 1, 15154, 24564, 72.43, 46, 2535, 10251
2026/05/04 23:43:54.359, 0, 27, 1, 15154, 24564, 72.60, 46, 2535, 10251
2026/05/04 23:43:54.459, 0, 27, 1, 15154, 24564, 72.60, 46, 2535, 10251
2026/05/04 23:43:54.559, 0, 27, 1, 15154, 24564, 72.60, 46, 2535, 10251
2026/05/04 23:43:54.659, 0, 27, 1, 15154, 24564, 72.60, 46, 2535, 10251
2026/05/04 23:43:54.760, 0, 27, 1, 15154, 24564, 72.60, 46, 2535, 10251
2026/05/04 23:43:54.860, 0, 26, 1, 15154, 24564, 72.62, 46, 2535, 10251
2026/05/04 23:43:54.960, 0, 26, 1, 15154, 24564, 72.62, 46, 2535, 10251
2026/05/04 23:43:55.060, 0, 26, 1, 15154, 24564, 72.62, 46, 2535, 10251
2026/05/04 23:43:55.161, 0, 26, 1, 15154, 24564, 72.62, 46, 2535, 10251
2026/05/04 23:43:55.261, 0, 26, 1, 15154, 24564, 72.62, 46, 2535, 10251
2026/05/04 23:43:55.361, 0, 26, 1, 15154, 24564, 72.59, 46, 2535, 10251
2026/05/04 23:43:55.461, 0, 26, 1, 15154, 24564, 72.59, 46, 2535, 10251
2026/05/04 23:43:55.561, 0, 26, 1, 15154, 24564, 72.59, 46, 2535, 10251
2026/05/04 23:43:55.662, 0, 26, 1, 15154, 24564, 72.59, 46, 2535, 10251
2026/05/04 23:43:55.762, 0, 26, 1, 15118, 24564, 72.59, 46, 2535, 10251
2026/05/04 23:43:55.862, 0, 1, 0, 15118, 24564, 72.41, 46, 2535, 10251
2026/05/04 23:43:55.962, 0, 1, 0, 15118, 24564, 72.41, 46, 2535, 10251
2026/05/04 23:43:56.062, 0, 1, 0, 15118, 24564, 72.41, 46, 2535, 10251
2026/05/04 23:43:56.163, 0, 1, 0, 15118, 24564, 72.41, 46, 2535, 10251
2026/05/04 23:43:56.263, 0, 1, 0, 15118, 24564, 72.41, 46, 2535, 10251
2026/05/04 23:43:56.363, 0, 0, 0, 15182, 24564, 72.15, 46, 2535, 10251
2026/05/04 23:43:56.463, 0, 0, 0, 15434, 24564, 72.15, 46, 2535, 10251
2026/05/04 23:43:56.563, 0, 0, 0, 15584, 24564, 72.15, 46, 2535, 10251
2026/05/04 23:43:56.664, 0, 0, 0, 15660, 24564, 72.15, 46, 2535, 10251
2026/05/04 23:43:56.764, 0, 0, 0, 15660, 24564, 72.15, 46, 2535, 10251
2026/05/04 23:43:56.864, 0, 0, 0, 15810, 24564, 127.24, 47, 2670, 10251
2026/05/04 23:43:56.964, 0, 0, 0, 15960, 24564, 127.24, 47, 2670, 10251
2026/05/04 23:43:57.065, 0, 0, 0, 15960, 24564, 127.24, 47, 2670, 10251
2026/05/04 23:43:57.165, 0, 0, 0, 15960, 24564, 127.24, 47, 2670, 10251
2026/05/04 23:43:57.265, 0, 0, 0, 15960, 24564, 127.24, 47, 2670, 10251
2026/05/04 23:43:57.365, 0, 0, 0, 15960, 24564, 132.11, 46, 2670, 10251
2026/05/04 23:43:57.465, 0, 0, 0, 15512, 24564, 132.11, 46, 2670, 10251
2026/05/04 23:43:57.566, 0, 0, 0, 20986, 24564, 132.11, 46, 2670, 10251
2026/05/04 23:43:57.666, 0, 0, 0, 20986, 24564, 132.11, 46, 2670, 10251
2026/05/04 23:43:57.766, 0, 0, 0, 20986, 24564, 132.11, 46, 2670, 10251
2026/05/04 23:43:57.866, 0, 0, 0, 20986, 24564, 93.55, 46, 2670, 10251
2026/05/04 23:43:57.966, 0, 0, 0, 20986, 24564, 93.55, 46, 2670, 10251
2026/05/04 23:43:58.067, 0, 0, 0, 20986, 24564, 93.55, 46, 2670, 10251
2026/05/04 23:43:58.167, 0, 0, 0, 20986, 24564, 93.55, 46, 2670, 10251
2026/05/04 23:43:58.267, 0, 0, 0, 20986, 24564, 93.55, 46, 2670, 10251
2026/05/04 23:43:58.367, 0, 0, 0, 20986, 24564, 92.24, 46, 2670, 10251
2026/05/04 23:43:58.467, 0, 0, 0, 20986, 24564, 92.24, 46, 2670, 10251
2026/05/04 23:43:58.567, 0, 0, 0, 20986, 24564, 92.24, 46, 2670, 10251
2026/05/04 23:43:58.668, 0, 0, 0, 20986, 24564, 92.24, 46, 2670, 10251
2026/05/04 23:43:58.768, 0, 0, 0, 20986, 24564, 92.24, 46, 2670, 10251
2026/05/04 23:43:58.868, 0, 0, 0, 20986, 24564, 91.60, 46, 2535, 10251
2026/05/04 23:43:58.968, 0, 0, 0, 20986, 24564, 91.60, 46, 2535, 10251
2026/05/04 23:43:59.068, 0, 0, 0, 20986, 24564, 91.60, 46, 2535, 10251
2026/05/04 23:43:59.169, 0, 0, 0, 20986, 24564, 91.60, 46, 2535, 10251
2026/05/04 23:43:59.269, 0, 0, 0, 20986, 24564, 91.60, 46, 2535, 10251
2026/05/04 23:43:59.369, 0, 0, 0, 20986, 24564, 91.60, 46, 2535, 10251
2026/05/04 23:43:59.469, 0, 0, 0, 20986, 24564, 91.60, 46, 2535, 10251
2026/05/04 23:43:59.570, 0, 0, 0, 20986, 24564, 91.60, 46, 2535, 10251
2026/05/04 23:43:59.670, 0, 0, 0, 20986, 24564, 91.60, 46, 2535, 10251
2026/05/04 23:43:59.770, 0, 0, 0, 20986, 24564, 91.60, 46, 2535, 10251
2026/05/04 23:43:59.870, 0, 0, 0, 20986, 24564, 71.85, 46, 2535, 10251
2026/05/04 23:43:59.970, 0, 0, 0, 20986, 24564, 71.85, 46, 2535, 10251
2026/05/04 23:44:00.071, 0, 0, 0, 20986, 24564, 71.85, 46, 2535, 10251
2026/05/04 23:44:00.171, 0, 0, 0, 20986, 24564, 71.85, 46, 2535, 10251
2026/05/04 23:44:00.271, 0, 0, 0, 20986, 24564, 71.85, 46, 2535, 10251
2026/05/04 23:44:00.371, 0, 0, 0, 20986, 24564, 71.85, 46, 2535, 10251
2026/05/04 23:44:00.471, 0, 0, 0, 20986, 24564, 71.85, 46, 2535, 10251
2026/05/04 23:44:00.572, 0, 0, 0, 20986, 24564, 71.85, 46, 2535, 10251
2026/05/04 23:44:00.672, 0, 0, 0, 20986, 24564, 71.85, 46, 2535, 10251
2026/05/04 23:44:00.772, 0, 0, 0, 20986, 24564, 71.85, 46, 2535, 10251
2026/05/04 23:44:00.872, 0, 0, 0, 20986, 24564, 71.72, 46, 2535, 10251
2026/05/04 23:44:00.973, 0, 0, 0, 20986, 24564, 71.72, 46, 2535, 10251
2026/05/04 23:44:01.073, 0, 0, 0, 20986, 24564, 71.72, 46, 2535, 10251
2026/05/04 23:44:01.173, 0, 0, 0, 20986, 24564, 71.72, 46, 2535, 10251
2026/05/04 23:44:01.273, 0, 0, 0, 20986, 24564, 71.72, 46, 2535, 10251
2026/05/04 23:44:01.374, 0, 0, 0, 20986, 24564, 71.72, 46, 2535, 10251
2026/05/04 23:44:01.474, 0, 0, 0, 20986, 24564, 71.72, 46, 2535, 10251
2026/05/04 23:44:01.574, 0, 0, 0, 20986, 24564, 71.72, 46, 2535, 10251
2026/05/04 23:44:01.674, 0, 0, 0, 20986, 24564, 71.72, 46, 2535, 10251
2026/05/04 23:44:01.774, 0, 0, 0, 20986, 24564, 71.72, 46, 2535, 10251
2026/05/04 23:44:01.874, 0, 0, 0, 20986, 24564, 71.67, 46, 2535, 10251
2026/05/04 23:44:01.975, 0, 0, 0, 20986, 24564, 71.67, 46, 2535, 10251
2026/05/04 23:44:02.075, 0, 0, 0, 20986, 24564, 71.67, 46, 2535, 10251
2026/05/04 23:44:02.175, 0, 0, 0, 20986, 24564, 71.67, 46, 2535, 10251
2026/05/04 23:44:02.275, 0, 0, 0, 20986, 24564, 71.67, 46, 2535, 10251
2026/05/04 23:44:02.376, 0, 0, 0, 20986, 24564, 71.67, 46, 2535, 10251
2026/05/04 23:44:02.476, 0, 0, 0, 20986, 24564, 71.67, 46, 2535, 10251
2026/05/04 23:44:02.576, 0, 0, 0, 20986, 24564, 71.67, 46, 2535, 10251
2026/05/04 23:44:02.676, 0, 0, 0, 20986, 24564, 71.67, 46, 2535, 10251
2026/05/04 23:44:02.776, 0, 0, 0, 20986, 24564, 71.67, 46, 2535, 10251
2026/05/04 23:44:02.877, 0, 0, 0, 20986, 24564, 71.62, 46, 2535, 10251
2026/05/04 23:44:02.977, 0, 0, 0, 20986, 24564, 71.62, 46, 2535, 10251
2026/05/04 23:44:03.077, 0, 0, 0, 20986, 24564, 71.62, 46, 2535, 10251
2026/05/04 23:44:03.177, 0, 0, 0, 20986, 24564, 71.62, 46, 2535, 10251
2026/05/04 23:44:03.277, 0, 0, 0, 20986, 24564, 71.62, 46, 2535, 10251
2026/05/04 23:44:03.378, 0, 0, 0, 20986, 24564, 71.62, 46, 2535, 10251
2026/05/04 23:44:03.478, 0, 0, 0, 20986, 24564, 71.62, 46, 2535, 10251
2026/05/04 23:44:03.578, 0, 0, 0, 20986, 24564, 71.62, 46, 2535, 10251
2026/05/04 23:44:03.678, 0, 0, 0, 20986, 24564, 71.62, 46, 2535, 10251
2026/05/04 23:44:03.778, 0, 0, 0, 20986, 24564, 71.62, 46, 2535, 10251
2026/05/04 23:44:03.879, 0, 0, 0, 20986, 24564, 71.60, 46, 2535, 10251
2026/05/04 23:44:03.979, 0, 0, 0, 20986, 24564, 71.60, 46, 2535, 10251
2026/05/04 23:44:04.079, 0, 0, 0, 20986, 24564, 71.60, 46, 2535, 10251
2026/05/04 23:44:04.179, 0, 0, 0, 20986, 24564, 71.60, 46, 2535, 10251
2026/05/04 23:44:04.279, 0, 0, 0, 20986, 24564, 71.60, 46, 2535, 10251
2026/05/04 23:44:04.380, 0, 0, 0, 20986, 24564, 71.60, 46, 2535, 10251
2026/05/04 23:44:04.480, 0, 0, 0, 20986, 24564, 71.60, 46, 2535, 10251
2026/05/04 23:44:04.580, 0, 0, 0, 20986, 24564, 71.60, 46, 2535, 10251
2026/05/04 23:44:04.680, 0, 0, 0, 20986, 24564, 71.60, 46, 2535, 10251
2026/05/04 23:44:04.781, 0, 0, 0, 20986, 24564, 71.60, 46, 2535, 10251
2026/05/04 23:44:04.881, 0, 0, 0, 20986, 24564, 71.59, 45, 2535, 10251
2026/05/04 23:44:04.981, 0, 0, 0, 20986, 24564, 71.59, 45, 2535, 10251
2026/05/04 23:44:05.081, 0, 0, 0, 20986, 24564, 71.59, 45, 2535, 10251
2026/05/04 23:44:05.182, 0, 0, 0, 20986, 24564, 71.59, 45, 2535, 10251
2026/05/04 23:44:05.282, 0, 0, 0, 20986, 24564, 71.59, 45, 2535, 10251
2026/05/04 23:44:05.382, 0, 0, 0, 20986, 24564, 71.59, 45, 2535, 10251
2026/05/04 23:44:05.482, 0, 0, 0, 20986, 24564, 71.59, 45, 2535, 10251
2026/05/04 23:44:05.582, 0, 0, 0, 20986, 24564, 71.59, 45, 2535, 10251
2026/05/04 23:44:05.683, 0, 0, 0, 20986, 24564, 71.59, 45, 2535, 10251
2026/05/04 23:44:05.783, 0, 0, 0, 20986, 24564, 71.59, 45, 2535, 10251
2026/05/04 23:44:05.883, 0, 0, 0, 20986, 24564, 71.55, 45, 2535, 10251
2026/05/04 23:44:05.983, 0, 0, 0, 20986, 24564, 71.55, 45, 2535, 10251
2026/05/04 23:44:06.083, 0, 0, 0, 20986, 24564, 71.55, 45, 2535, 10251
2026/05/04 23:44:06.184, 0, 0, 0, 20986, 24564, 71.55, 45, 2535, 10251
2026/05/04 23:44:06.284, 0, 0, 0, 20986, 24564, 71.55, 45, 2535, 10251
2026/05/04 23:44:06.384, 0, 0, 0, 20986, 24564, 71.55, 45, 2535, 10251
2026/05/04 23:44:06.484, 0, 0, 0, 20986, 24564, 71.55, 45, 2535, 10251
2026/05/04 23:44:06.584, 0, 0, 0, 20986, 24564, 71.55, 45, 2535, 10251
2026/05/04 23:44:06.685, 0, 0, 0, 20986, 24564, 71.55, 45, 2535, 10251
2026/05/04 23:44:06.785, 0, 0, 0, 20986, 24564, 71.55, 45, 2535, 10251
2026/05/04 23:44:06.885, 0, 0, 0, 20986, 24564, 71.54, 45, 2535, 10251
2026/05/04 23:44:06.985, 0, 0, 0, 20986, 24564, 71.54, 45, 2535, 10251
2026/05/04 23:44:07.086, 0, 0, 0, 20986, 24564, 71.54, 45, 2535, 10251
2026/05/04 23:44:07.186, 0, 0, 0, 20986, 24564, 71.54, 45, 2535, 10251
2026/05/04 23:44:07.286, 0, 0, 0, 20986, 24564, 71.54, 45, 2535, 10251
2026/05/04 23:44:07.386, 0, 0, 0, 20986, 24564, 71.54, 45, 2535, 10251
2026/05/04 23:44:07.486, 0, 0, 0, 20986, 24564, 71.54, 45, 2535, 10251
2026/05/04 23:44:07.587, 0, 0, 0, 20986, 24564, 71.54, 45, 2535, 10251
2026/05/04 23:44:07.687, 0, 0, 0, 20986, 24564, 71.54, 45, 2535, 10251
2026/05/04 23:44:07.787, 0, 0, 0, 20986, 24564, 71.54, 45, 2535, 10251
2026/05/04 23:44:07.887, 0, 0, 0, 20986, 24564, 71.58, 45, 2535, 10251
2026/05/04 23:44:07.987, 0, 0, 0, 20986, 24564, 71.58, 45, 2535, 10251
2026/05/04 23:44:08.088, 0, 0, 0, 20986, 24564, 71.58, 45, 2535, 10251
2026/05/04 23:44:08.188, 0, 0, 0, 20986, 24564, 71.58, 45, 2535, 10251
2026/05/04 23:44:08.288, 0, 0, 0, 20986, 24564, 71.58, 45, 2535, 10251
2026/05/04 23:44:08.388, 0, 0, 0, 20986, 24564, 71.58, 45, 2535, 10251
2026/05/04 23:44:08.488, 0, 0, 0, 20986, 24564, 71.58, 45, 2535, 10251
2026/05/04 23:44:08.589, 0, 0, 0, 20986, 24564, 71.58, 45, 2535, 10251
2026/05/04 23:44:08.689, 0, 0, 0, 20986, 24564, 71.58, 45, 2535, 10251
2026/05/04 23:44:08.789, 0, 0, 0, 20986, 24564, 71.58, 45, 2535, 10251
2026/05/04 23:44:08.889, 0, 0, 0, 20986, 24564, 71.58, 45, 2535, 10251
2026/05/04 23:44:08.989, 0, 0, 0, 20986, 24564, 71.58, 45, 2535, 10251
2026/05/04 23:44:09.090, 0, 0, 0, 20986, 24564, 71.58, 45, 2535, 10251
2026/05/04 23:44:09.190, 0, 0, 0, 20986, 24564, 71.58, 45, 2535, 10251
2026/05/04 23:44:09.290, 0, 0, 0, 20986, 24564, 71.58, 45, 2535, 10251
2026/05/04 23:44:09.390, 0, 0, 0, 20986, 24564, 71.58, 45, 2535, 10251
2026/05/04 23:44:09.490, 0, 0, 0, 20986, 24564, 71.58, 45, 2535, 10251
2026/05/04 23:44:09.591, 0, 0, 0, 20986, 24564, 71.58, 45, 2535, 10251
2026/05/04 23:44:09.691, 0, 0, 0, 20986, 24564, 71.58, 45, 2535, 10251
2026/05/04 23:44:09.791, 0, 0, 0, 20986, 24564, 71.58, 45, 2535, 10251
2026/05/04 23:44:09.891, 0, 0, 0, 20986, 24564, 71.65, 45, 2535, 10251
2026/05/04 23:44:09.991, 0, 0, 0, 20986, 24564, 71.65, 45, 2535, 10251
2026/05/04 23:44:10.092, 0, 0, 0, 20986, 24564, 71.65, 45, 2535, 10251
2026/05/04 23:44:10.192, 0, 0, 0, 20986, 24564, 71.65, 45, 2535, 10251
2026/05/04 23:44:10.292, 0, 0, 0, 20986, 24564, 71.65, 45, 2535, 10251
2026/05/04 23:44:10.392, 0, 0, 0, 20986, 24564, 71.65, 45, 2535, 10251
2026/05/04 23:44:10.492, 0, 0, 0, 20986, 24564, 71.65, 45, 2535, 10251
2026/05/04 23:44:10.593, 0, 0, 0, 20986, 24564, 71.65, 45, 2535, 10251
2026/05/04 23:44:10.693, 0, 0, 0, 20986, 24564, 71.65, 45, 2535, 10251
2026/05/04 23:44:10.793, 0, 0, 0, 20986, 24564, 71.65, 45, 2535, 10251
2026/05/04 23:44:10.893, 0, 0, 0, 20986, 24564, 71.69, 45, 2535, 10251
2026/05/04 23:44:10.994, 0, 0, 0, 20986, 24564, 71.69, 45, 2535, 10251
2026/05/04 23:44:11.094, 0, 0, 0, 20986, 24564, 71.69, 45, 2535, 10251
2026/05/04 23:44:11.194, 0, 0, 0, 20986, 24564, 71.69, 45, 2535, 10251
2026/05/04 23:44:11.294, 0, 0, 0, 20986, 24564, 71.69, 45, 2535, 10251
2026/05/04 23:44:11.394, 0, 0, 0, 20986, 24564, 71.69, 45, 2535, 10251
2026/05/04 23:44:11.495, 0, 0, 0, 20986, 24564, 71.69, 45, 2535, 10251
2026/05/04 23:44:11.636, 0, 0, 0, 20986, 24564, 71.69, 45, 2535, 10251
2026/05/04 23:44:11.736, 0, 0, 0, 20986, 24564, 71.69, 45, 2535, 10251
2026/05/04 23:44:11.836, 0, 0, 0, 20986, 24564, 71.69, 45, 2535, 10251
2026/05/04 23:44:11.936, 0, 0, 0, 20986, 24564, 71.61, 45, 2535, 10251
2026/05/04 23:44:12.036, 0, 0, 0, 20986, 24564, 71.61, 45, 2535, 10251
2026/05/04 23:44:12.137, 0, 0, 0, 20986, 24564, 71.61, 45, 2535, 10251
2026/05/04 23:44:12.237, 0, 0, 0, 20986, 24564, 71.61, 45, 2535, 10251
2026/05/04 23:44:12.337, 0, 0, 0, 20986, 24564, 71.61, 45, 2535, 10251
2026/05/04 23:44:12.437, 0, 0, 0, 20986, 24564, 71.61, 45, 2535, 10251
2026/05/04 23:44:12.538, 0, 0, 0, 20986, 24564, 71.61, 45, 2535, 10251
2026/05/04 23:44:12.638, 0, 0, 0, 20986, 24564, 71.61, 45, 2535, 10251
2026/05/04 23:44:12.738, 0, 0, 0, 20986, 24564, 71.61, 45, 2535, 10251
2026/05/04 23:44:12.838, 0, 0, 0, 20986, 24564, 71.61, 45, 2535, 10251
2026/05/04 23:44:12.938, 0, 0, 0, 20986, 24564, 71.99, 45, 2535, 10251
2026/05/04 23:44:13.039, 0, 0, 0, 20986, 24564, 71.99, 45, 2535, 10251
2026/05/04 23:44:13.139, 0, 0, 0, 20986, 24564, 71.99, 45, 2535, 10251
2026/05/04 23:44:13.239, 0, 0, 0, 20986, 24564, 71.99, 45, 2535, 10251
2026/05/04 23:44:13.339, 0, 0, 0, 20986, 24564, 71.99, 45, 2535, 10251
2026/05/04 23:44:13.439, 0, 0, 0, 20986, 24564, 71.99, 45, 2535, 10251
2026/05/04 23:44:13.539, 0, 0, 0, 20986, 24564, 71.99, 45, 2535, 10251
2026/05/04 23:44:13.640, 0, 0, 0, 20986, 24564, 71.99, 45, 2535, 10251
2026/05/04 23:44:13.740, 0, 0, 0, 20986, 24564, 71.99, 45, 2535, 10251
2026/05/04 23:44:13.840, 0, 0, 0, 20986, 24564, 71.99, 45, 2535, 10251
2026/05/04 23:44:13.940, 0, 0, 0, 20986, 24564, 72.06, 45, 2535, 10251
2026/05/04 23:44:14.040, 0, 0, 0, 20986, 24564, 72.06, 45, 2535, 10251
2026/05/04 23:44:14.141, 0, 0, 0, 20986, 24564, 72.06, 45, 2535, 10251
2026/05/04 23:44:14.241, 0, 0, 0, 20986, 24564, 72.06, 45, 2535, 10251
2026/05/04 23:44:14.341, 0, 0, 0, 20994, 24564, 72.06, 45, 2535, 10251
2026/05/04 23:44:14.441, 0, 0, 0, 20996, 24564, 71.70, 45, 2535, 10251
2026/05/04 23:44:14.541, 0, 0, 0, 20996, 24564, 71.70, 45, 2535, 10251
2026/05/04 23:44:14.642, 0, 0, 0, 20996, 24564, 71.70, 45, 2535, 10251
2026/05/04 23:44:14.742, 0, 0, 0, 20996, 24564, 71.70, 45, 2535, 10251
2026/05/04 23:44:14.842, 0, 0, 0, 20996, 24564, 71.70, 45, 2535, 10251
2026/05/04 23:44:14.942, 0, 95, 100, 20996, 24564, 136.14, 53, 2670, 10251
2026/05/04 23:44:15.042, 0, 95, 100, 20996, 24564, 136.14, 53, 2670, 10251
2026/05/04 23:44:15.143, 0, 95, 100, 20996, 24564, 136.14, 53, 2670, 10251
2026/05/04 23:44:15.243, 0, 95, 100, 20996, 24564, 136.14, 53, 2670, 10251
2026/05/04 23:44:15.343, 0, 95, 100, 20996, 24564, 136.14, 53, 2670, 10251
2026/05/04 23:44:15.443, 0, 95, 100, 20996, 24564, 183.67, 53, 2670, 10251
2026/05/04 23:44:15.543, 0, 95, 100, 20996, 24564, 183.67, 53, 2670, 10251
2026/05/04 23:44:15.643, 0, 95, 100, 20996, 24564, 183.67, 53, 2670, 10251
2026/05/04 23:44:15.743, 0, 95, 100, 20996, 24564, 183.67, 53, 2670, 10251
2026/05/04 23:44:15.844, 0, 95, 100, 20996, 24564, 183.67, 53, 2670, 10251
2026/05/04 23:44:15.944, 0, 95, 100, 20996, 24564, 307.58, 54, 2670, 10251
2026/05/04 23:44:16.044, 0, 95, 100, 20996, 24564, 307.58, 54, 2670, 10251
2026/05/04 23:44:16.144, 0, 95, 100, 20996, 24564, 307.58, 54, 2670, 10251
2026/05/04 23:44:16.244, 0, 95, 100, 20996, 24564, 307.58, 54, 2670, 10251
2026/05/04 23:44:16.345, 0, 95, 100, 20996, 24564, 307.58, 54, 2670, 10251
2026/05/04 23:44:16.445, 0, 95, 100, 20996, 24564, 308.00, 54, 2670, 10251
2026/05/04 23:44:16.545, 0, 95, 100, 20996, 24564, 308.00, 54, 2670, 10251
2026/05/04 23:44:16.645, 0, 95, 100, 20998, 24564, 308.00, 54, 2670, 10251
2026/05/04 23:44:16.745, 0, 95, 100, 20998, 24564, 308.00, 54, 2670, 10251
2026/05/04 23:44:16.845, 0, 95, 100, 20998, 24564, 308.00, 54, 2670, 10251
2026/05/04 23:44:16.945, 0, 95, 100, 20998, 24564, 310.21, 55, 2670, 10251
2026/05/04 23:44:17.046, 0, 95, 100, 20998, 24564, 310.21, 55, 2670, 10251
2026/05/04 23:44:17.146, 0, 95, 100, 20998, 24564, 310.21, 55, 2670, 10251
2026/05/04 23:44:17.246, 0, 95, 100, 20998, 24564, 310.21, 55, 2670, 10251
2026/05/04 23:44:17.346, 0, 95, 100, 20998, 24564, 310.21, 55, 2670, 10251
2026/05/04 23:44:17.446, 0, 95, 100, 20998, 24564, 310.50, 55, 2670, 10251
2026/05/04 23:44:17.547, 0, 95, 100, 20998, 24564, 310.50, 55, 2670, 10251
2026/05/04 23:44:17.647, 0, 95, 100, 20998, 24564, 310.50, 55, 2670, 10251
2026/05/04 23:44:17.747, 0, 95, 100, 20998, 24564, 310.50, 55, 2670, 10251
2026/05/04 23:44:17.847, 0, 95, 100, 20998, 24564, 310.50, 55, 2670, 10251
2026/05/04 23:44:17.947, 0, 95, 100, 20998, 24564, 308.92, 55, 2670, 10251
2026/05/04 23:44:18.048, 0, 95, 100, 20998, 24564, 308.92, 55, 2670, 10251
2026/05/04 23:44:18.148, 0, 95, 100, 20998, 24564, 308.92, 55, 2670, 10251
2026/05/04 23:44:18.248, 0, 95, 100, 20998, 24564, 308.92, 55, 2670, 10251
2026/05/04 23:44:18.348, 0, 95, 100, 20998, 24564, 308.92, 55, 2670, 10251
2026/05/04 23:44:18.448, 0, 95, 100, 20998, 24564, 308.92, 55, 2670, 10251
2026/05/04 23:44:18.549, 0, 95, 100, 20998, 24564, 308.92, 55, 2670, 10251
2026/05/04 23:44:18.649, 0, 95, 100, 20998, 24564, 308.92, 55, 2670, 10251
2026/05/04 23:44:18.749, 0, 95, 100, 20998, 24564, 308.92, 55, 2670, 10251
2026/05/04 23:44:18.849, 0, 95, 100, 20998, 24564, 308.99, 55, 2670, 10251
2026/05/04 23:44:18.949, 0, 95, 100, 20998, 24564, 308.99, 55, 2670, 10251
2026/05/04 23:44:19.049, 0, 95, 100, 20998, 24564, 308.99, 55, 2670, 10251
2026/05/04 23:44:19.149, 0, 95, 100, 20998, 24564, 308.99, 55, 2670, 10251
2026/05/04 23:44:19.250, 0, 95, 100, 20998, 24564, 308.99, 55, 2670, 10251
2026/05/04 23:44:19.350, 0, 93, 100, 20998, 24564, 309.46, 55, 2655, 10251
2026/05/04 23:44:19.450, 0, 93, 100, 20998, 24564, 309.46, 55, 2655, 10251
2026/05/04 23:44:19.550, 0, 93, 100, 20998, 24564, 309.46, 55, 2655, 10251
2026/05/04 23:44:19.650, 0, 93, 100, 20998, 24564, 309.46, 55, 2655, 10251
2026/05/04 23:44:19.750, 0, 93, 100, 20998, 24564, 309.46, 55, 2655, 10251
2026/05/04 23:44:19.850, 0, 93, 100, 20998, 24564, 306.45, 55, 2655, 10251
2026/05/04 23:44:19.950, 0, 93, 100, 20998, 24564, 306.45, 55, 2655, 10251
2026/05/04 23:44:20.050, 0, 93, 100, 20998, 24564, 306.45, 55, 2655, 10251
2026/05/04 23:44:20.151, 0, 93, 100, 20998, 24564, 306.45, 55, 2655, 10251
2026/05/04 23:44:20.251, 0, 93, 100, 20998, 24564, 306.45, 55, 2655, 10251
2026/05/04 23:44:20.351, 0, 92, 100, 20998, 24564, 302.29, 55, 2655, 10251
2026/05/04 23:44:20.451, 0, 92, 100, 20998, 24564, 302.29, 55, 2655, 10251
2026/05/04 23:44:20.551, 0, 92, 100, 20998, 24564, 302.29, 55, 2655, 10251
2026/05/04 23:44:20.651, 0, 92, 100, 20998, 24564, 302.29, 55, 2655, 10251
2026/05/04 23:44:20.751, 0, 92, 100, 20998, 24564, 302.29, 55, 2655, 10251
2026/05/04 23:44:20.852, 0, 92, 100, 20998, 24564, 302.29, 55, 2655, 10251
2026/05/04 23:44:20.952, 0, 92, 100, 20998, 24564, 302.29, 55, 2655, 10251
2026/05/04 23:44:21.052, 0, 92, 100, 20998, 24564, 302.29, 55, 2655, 10251
2026/05/04 23:44:21.152, 0, 92, 100, 20998, 24564, 302.29, 55, 2655, 10251
2026/05/04 23:44:21.252, 0, 92, 100, 20998, 24564, 302.29, 55, 2655, 10251
2026/05/04 23:44:21.352, 0, 92, 100, 20998, 24564, 303.60, 56, 2655, 10251
2026/05/04 23:44:21.452, 0, 92, 100, 20998, 24564, 303.60, 56, 2655, 10251
2026/05/04 23:44:21.553, 0, 92, 100, 20998, 24564, 303.60, 56, 2655, 10251
2026/05/04 23:44:21.653, 0, 92, 100, 20998, 24564, 303.60, 56, 2655, 10251
2026/05/04 23:44:21.753, 0, 92, 100, 20998, 24564, 303.60, 56, 2655, 10251
2026/05/04 23:44:21.853, 0, 92, 100, 20998, 24564, 304.14, 56, 2655, 10251
2026/05/04 23:44:21.953, 0, 92, 100, 20998, 24564, 304.14, 56, 2655, 10251
2026/05/04 23:44:22.053, 0, 92, 100, 20998, 24564, 304.14, 56, 2655, 10251
2026/05/04 23:44:22.153, 0, 92, 100, 20998, 24564, 304.14, 56, 2655, 10251
2026/05/04 23:44:22.254, 0, 92, 100, 20998, 24564, 304.14, 56, 2655, 10251
2026/05/04 23:44:22.354, 0, 93, 100, 20998, 24564, 302.91, 56, 2655, 10251
2026/05/04 23:44:22.454, 0, 93, 100, 20998, 24564, 302.91, 56, 2655, 10251
2026/05/04 23:44:22.554, 0, 93, 100, 20998, 24564, 302.91, 56, 2655, 10251
2026/05/04 23:44:22.654, 0, 93, 100, 20998, 24564, 302.91, 56, 2655, 10251
2026/05/04 23:44:22.754, 0, 93, 100, 20998, 24564, 302.91, 56, 2655, 10251
2026/05/04 23:44:22.854, 0, 92, 100, 20998, 24564, 303.14, 55, 2655, 10251
2026/05/04 23:44:22.954, 0, 92, 100, 20998, 24564, 303.14, 55, 2655, 10251
2026/05/04 23:44:23.055, 0, 92, 100, 20998, 24564, 303.14, 55, 2655, 10251
2026/05/04 23:44:23.155, 0, 92, 100, 20998, 24564, 303.14, 55, 2655, 10251
2026/05/04 23:44:23.255, 0, 92, 100, 20998, 24564, 303.14, 55, 2655, 10251
2026/05/04 23:44:23.355, 0, 92, 100, 20998, 24564, 302.97, 56, 2655, 10251
2026/05/04 23:44:23.455, 0, 92, 100, 20998, 24564, 302.97, 56, 2655, 10251
2026/05/04 23:44:23.555, 0, 92, 100, 20998, 24564, 302.97, 56, 2655, 10251
2026/05/04 23:44:23.655, 0, 92, 100, 20998, 24564, 302.97, 56, 2655, 10251
2026/05/04 23:44:23.756, 0, 92, 100, 20998, 24564, 302.97, 56, 2655, 10251
2026/05/04 23:44:23.856, 0, 92, 100, 20998, 24564, 304.79, 56, 2655, 10251
2026/05/04 23:44:23.956, 0, 92, 100, 20998, 24564, 304.79, 56, 2655, 10251
2026/05/04 23:44:24.056, 0, 92, 100, 20998, 24564, 304.79, 56, 2655, 10251
2026/05/04 23:44:24.156, 0, 92, 100, 20998, 24564, 304.79, 56, 2655, 10251
2026/05/04 23:44:24.256, 0, 92, 100, 20998, 24564, 304.79, 56, 2655, 10251
2026/05/04 23:44:24.356, 0, 93, 100, 20998, 24564, 305.01, 56, 2655, 10251
2026/05/04 23:44:24.456, 0, 93, 100, 20998, 24564, 305.01, 56, 2655, 10251
2026/05/04 23:44:24.556, 0, 93, 100, 20998, 24564, 305.01, 56, 2655, 10251
2026/05/04 23:44:24.657, 0, 93, 100, 20998, 24564, 305.01, 56, 2655, 10251
2026/05/04 23:44:24.757, 0, 93, 100, 20998, 24564, 305.01, 56, 2655, 10251
2026/05/04 23:44:24.857, 0, 92, 100, 20998, 24564, 303.53, 56, 2655, 10251
2026/05/04 23:44:24.957, 0, 92, 100, 20998, 24564, 303.53, 56, 2655, 10251
2026/05/04 23:44:25.057, 0, 92, 100, 20998, 24564, 303.53, 56, 2655, 10251
2026/05/04 23:44:25.157, 0, 92, 100, 20998, 24564, 303.53, 56, 2655, 10251
2026/05/04 23:44:25.257, 0, 92, 100, 20998, 24564, 303.53, 56, 2655, 10251
2026/05/04 23:44:25.358, 0, 95, 100, 20998, 24564, 305.02, 56, 2655, 10251
2026/05/04 23:44:25.458, 0, 95, 100, 20998, 24564, 305.02, 56, 2655, 10251
2026/05/04 23:44:25.558, 0, 95, 100, 20998, 24564, 305.02, 56, 2655, 10251
2026/05/04 23:44:25.658, 0, 95, 100, 20998, 24564, 305.02, 56, 2655, 10251
2026/05/04 23:44:25.758, 0, 95, 100, 20998, 24564, 305.02, 56, 2655, 10251
2026/05/04 23:44:25.858, 0, 96, 100, 20998, 24564, 310.10, 57, 2655, 10251
2026/05/04 23:44:25.958, 0, 96, 100, 20998, 24564, 310.10, 57, 2655, 10251
2026/05/04 23:44:26.059, 0, 96, 100, 20998, 24564, 310.10, 57, 2655, 10251
2026/05/04 23:44:26.159, 0, 96, 100, 20998, 24564, 310.10, 57, 2655, 10251
2026/05/04 23:44:26.259, 0, 96, 100, 20998, 24564, 310.10, 57, 2655, 10251
2026/05/04 23:44:26.359, 0, 93, 100, 20998, 24564, 311.17, 56, 2655, 10251
2026/05/04 23:44:26.459, 0, 93, 100, 20998, 24564, 311.17, 56, 2655, 10251
2026/05/04 23:44:26.559, 0, 93, 100, 20998, 24564, 311.17, 56, 2655, 10251
2026/05/04 23:44:26.659, 0, 93, 100, 20998, 24564, 311.17, 56, 2655, 10251
2026/05/04 23:44:26.760, 0, 93, 100, 20998, 24564, 311.17, 56, 2655, 10251
2026/05/04 23:44:26.860, 0, 92, 100, 20998, 24564, 308.64, 56, 2655, 10251
2026/05/04 23:44:26.960, 0, 92, 100, 20998, 24564, 308.64, 56, 2655, 10251
2026/05/04 23:44:27.060, 0, 92, 100, 20998, 24564, 308.64, 56, 2655, 10251
2026/05/04 23:44:27.160, 0, 92, 100, 20998, 24564, 308.64, 56, 2655, 10251
2026/05/04 23:44:27.260, 0, 92, 100, 20998, 24564, 308.64, 56, 2655, 10251
2026/05/04 23:44:27.360, 0, 92, 100, 20998, 24564, 303.58, 56, 2655, 10251
2026/05/04 23:44:27.461, 0, 92, 100, 20998, 24564, 303.58, 56, 2655, 10251
2026/05/04 23:44:27.561, 0, 92, 100, 20998, 24564, 303.58, 56, 2655, 10251
2026/05/04 23:44:27.661, 0, 92, 100, 20998, 24564, 303.58, 56, 2655, 10251
2026/05/04 23:44:27.761, 0, 92, 100, 20998, 24564, 303.58, 56, 2655, 10251
2026/05/04 23:44:27.861, 0, 92, 100, 20998, 24564, 303.65, 57, 2655, 10251
2026/05/04 23:44:27.961, 0, 92, 100, 20998, 24564, 303.65, 57, 2655, 10251
2026/05/04 23:44:28.061, 0, 92, 100, 20998, 24564, 303.65, 57, 2655, 10251
2026/05/04 23:44:28.162, 0, 92, 100, 20998, 24564, 303.65, 57, 2655, 10251
2026/05/04 23:44:28.262, 0, 92, 100, 20998, 24564, 303.65, 57, 2655, 10251
2026/05/04 23:44:28.362, 0, 93, 100, 20998, 24564, 305.44, 57, 2655, 10251
2026/05/04 23:44:28.462, 0, 93, 100, 20998, 24564, 305.44, 57, 2655, 10251
2026/05/04 23:44:28.562, 0, 93, 100, 20998, 24564, 305.44, 57, 2655, 10251
2026/05/04 23:44:28.662, 0, 93, 100, 20998, 24564, 305.44, 57, 2655, 10251
2026/05/04 23:44:28.762, 0, 93, 100, 20998, 24564, 305.44, 57, 2655, 10251
2026/05/04 23:44:28.863, 0, 92, 100, 20998, 24564, 305.61, 57, 2655, 10251
2026/05/04 23:44:28.963, 0, 92, 100, 20998, 24564, 305.61, 57, 2655, 10251
2026/05/04 23:44:29.063, 0, 92, 100, 20998, 24564, 305.61, 57, 2655, 10251
2026/05/04 23:44:29.163, 0, 92, 100, 20998, 24564, 305.61, 57, 2655, 10251
2026/05/04 23:44:29.263, 0, 92, 100, 20998, 24564, 305.61, 57, 2655, 10251
2026/05/04 23:44:29.363, 0, 92, 100, 20998, 24564, 303.88, 57, 2655, 10251
2026/05/04 23:44:29.463, 0, 92, 100, 20998, 24564, 303.88, 57, 2655, 10251
2026/05/04 23:44:29.563, 0, 92, 100, 20998, 24564, 303.88, 57, 2655, 10251
2026/05/04 23:44:29.664, 0, 92, 100, 20998, 24564, 303.88, 57, 2655, 10251
2026/05/04 23:44:29.764, 0, 92, 100, 20998, 24564, 303.88, 57, 2655, 10251
2026/05/04 23:44:29.864, 0, 92, 100, 20998, 24564, 304.00, 57, 2655, 10251
2026/05/04 23:44:29.964, 0, 92, 100, 20998, 24564, 304.00, 57, 2655, 10251
2026/05/04 23:44:30.064, 0, 92, 100, 20998, 24564, 304.00, 57, 2655, 10251
2026/05/04 23:44:30.164, 0, 92, 100, 20998, 24564, 304.00, 57, 2655, 10251
2026/05/04 23:44:30.264, 0, 92, 100, 20998, 24564, 304.00, 57, 2655, 10251
2026/05/04 23:44:30.364, 0, 85, 89, 20998, 24564, 305.68, 57, 2655, 10251
2026/05/04 23:44:30.465, 0, 85, 89, 20998, 24564, 305.68, 57, 2655, 10251
2026/05/04 23:44:30.565, 0, 85, 89, 20998, 24564, 305.68, 57, 2655, 10251
2026/05/04 23:44:30.665, 0, 85, 89, 20998, 24564, 305.68, 57, 2655, 10251
2026/05/04 23:44:30.765, 0, 85, 89, 20998, 24564, 305.68, 57, 2655, 10251
2026/05/04 23:44:30.865, 0, 93, 100, 20998, 24564, 305.44, 57, 2655, 10251
2026/05/04 23:44:30.965, 0, 93, 100, 20998, 24564, 305.44, 57, 2655, 10251
2026/05/04 23:44:31.066, 0, 93, 100, 20998, 24564, 305.44, 57, 2655, 10251
2026/05/04 23:44:31.166, 0, 93, 100, 20998, 24564, 305.44, 57, 2655, 10251
2026/05/04 23:44:31.266, 0, 93, 100, 20998, 24564, 305.44, 57, 2655, 10251
2026/05/04 23:44:31.366, 0, 92, 100, 20998, 24564, 305.39, 57, 2655, 10251
2026/05/04 23:44:31.466, 0, 92, 100, 20998, 24564, 305.39, 57, 2655, 10251
2026/05/04 23:44:31.566, 0, 92, 100, 20998, 24564, 305.39, 57, 2655, 10251
2026/05/04 23:44:31.666, 0, 92, 100, 20998, 24564, 305.39, 57, 2655, 10251
2026/05/04 23:44:31.766, 0, 92, 100, 20998, 24564, 305.39, 57, 2655, 10251
2026/05/04 23:44:31.867, 0, 92, 100, 20998, 24564, 303.79, 57, 2655, 10251
2026/05/04 23:44:31.967, 0, 92, 100, 20998, 24564, 303.79, 57, 2655, 10251
2026/05/04 23:44:32.067, 0, 92, 100, 20998, 24564, 303.79, 57, 2655, 10251
2026/05/04 23:44:32.167, 0, 92, 100, 20998, 24564, 303.79, 57, 2655, 10251
2026/05/04 23:44:32.267, 0, 92, 100, 20998, 24564, 303.79, 57, 2655, 10251
2026/05/04 23:44:32.367, 0, 92, 100, 20998, 24564, 303.78, 57, 2655, 10251
2026/05/04 23:44:32.467, 0, 92, 100, 20998, 24564, 303.78, 57, 2655, 10251
2026/05/04 23:44:32.568, 0, 92, 100, 20998, 24564, 303.78, 57, 2655, 10251
2026/05/04 23:44:32.668, 0, 92, 100, 20998, 24564, 303.78, 57, 2655, 10251
2026/05/04 23:44:32.768, 0, 92, 100, 20998, 24564, 303.78, 57, 2655, 10251
2026/05/04 23:44:32.868, 0, 93, 100, 20998, 24564, 305.68, 57, 2655, 10251
2026/05/04 23:44:32.968, 0, 93, 100, 20998, 24564, 305.68, 57, 2655, 10251
2026/05/04 23:44:33.068, 0, 93, 100, 20998, 24564, 305.68, 57, 2655, 10251
2026/05/04 23:44:33.168, 0, 93, 100, 20998, 24564, 305.68, 57, 2655, 10251
2026/05/04 23:44:33.269, 0, 93, 100, 20998, 24564, 305.68, 57, 2655, 10251
2026/05/04 23:44:33.369, 0, 92, 100, 20998, 24564, 305.68, 57, 2655, 10251
2026/05/04 23:44:33.469, 0, 92, 100, 20998, 24564, 305.68, 57, 2655, 10251
2026/05/04 23:44:33.569, 0, 92, 100, 20998, 24564, 305.68, 57, 2655, 10251
2026/05/04 23:44:33.669, 0, 92, 100, 20998, 24564, 305.68, 57, 2655, 10251
2026/05/04 23:44:33.769, 0, 92, 100, 20998, 24564, 305.68, 57, 2655, 10251
2026/05/04 23:44:33.870, 0, 92, 100, 20998, 24564, 303.94, 57, 2655, 10251
2026/05/04 23:44:33.970, 0, 92, 100, 20998, 24564, 303.94, 57, 2655, 10251
2026/05/04 23:44:34.070, 0, 92, 100, 20998, 24564, 303.94, 57, 2655, 10251
2026/05/04 23:44:34.170, 0, 92, 100, 20998, 24564, 303.94, 57, 2655, 10251
2026/05/04 23:44:34.270, 0, 92, 100, 20998, 24564, 303.94, 57, 2655, 10251
2026/05/04 23:44:34.370, 0, 92, 100, 20998, 24564, 303.82, 58, 2655, 10251
2026/05/04 23:44:34.470, 0, 92, 100, 20998, 24564, 303.82, 58, 2655, 10251
2026/05/04 23:44:34.570, 0, 92, 100, 20998, 24564, 303.82, 58, 2655, 10251
2026/05/04 23:44:34.671, 0, 92, 100, 20998, 24564, 303.82, 58, 2655, 10251
2026/05/04 23:44:34.771, 0, 92, 100, 20998, 24564, 303.82, 58, 2655, 10251
2026/05/04 23:44:34.871, 0, 92, 100, 20998, 24564, 304.03, 61, 2655, 10251
2026/05/04 23:44:34.971, 0, 92, 100, 20998, 24564, 304.03, 61, 2655, 10251
2026/05/04 23:44:35.071, 0, 92, 100, 20998, 24564, 304.03, 61, 2655, 10251
2026/05/04 23:44:35.171, 0, 92, 100, 20998, 24564, 304.03, 61, 2655, 10251
2026/05/04 23:44:35.271, 0, 92, 100, 20998, 24564, 304.03, 61, 2655, 10251
2026/05/04 23:44:35.372, 0, 93, 100, 20998, 24564, 305.95, 58, 2655, 10251
2026/05/04 23:44:35.472, 0, 93, 100, 20998, 24564, 305.95, 58, 2655, 10251
2026/05/04 23:44:35.572, 0, 93, 100, 20998, 24564, 305.95, 58, 2655, 10251
2026/05/04 23:44:35.672, 0, 93, 100, 20998, 24564, 305.95, 58, 2655, 10251
2026/05/04 23:44:35.772, 0, 93, 100, 20998, 24564, 305.95, 58, 2655, 10251
2026/05/04 23:44:35.872, 0, 92, 100, 20998, 24564, 305.99, 58, 2655, 10251
2026/05/04 23:44:35.972, 0, 92, 100, 20998, 24564, 305.99, 58, 2655, 10251
2026/05/04 23:44:36.073, 0, 92, 100, 20998, 24564, 305.99, 58, 2655, 10251
2026/05/04 23:44:36.173, 0, 92, 100, 20998, 24564, 305.99, 58, 2655, 10251
2026/05/04 23:44:36.273, 0, 92, 100, 20998, 24564, 305.99, 58, 2655, 10251
2026/05/04 23:44:36.373, 0, 92, 100, 20998, 24564, 304.39, 58, 2655, 10251
2026/05/04 23:44:36.473, 0, 92, 100, 20998, 24564, 304.39, 58, 2655, 10251
2026/05/04 23:44:36.573, 0, 92, 100, 20998, 24564, 304.39, 58, 2655, 10251
2026/05/04 23:44:36.673, 0, 92, 100, 20998, 24564, 304.39, 58, 2655, 10251
2026/05/04 23:44:36.774, 0, 92, 100, 20998, 24564, 304.39, 58, 2655, 10251
2026/05/04 23:44:36.874, 0, 92, 100, 20998, 24564, 304.77, 58, 2655, 10251
2026/05/04 23:44:36.974, 0, 92, 100, 20998, 24564, 304.77, 58, 2655, 10251
2026/05/04 23:44:37.074, 0, 92, 100, 20998, 24564, 304.77, 58, 2655, 10251
2026/05/04 23:44:37.174, 0, 92, 100, 20998, 24564, 304.77, 58, 2655, 10251
2026/05/04 23:44:37.274, 0, 92, 100, 20998, 24564, 304.77, 58, 2655, 10251
2026/05/04 23:44:37.374, 0, 93, 100, 20998, 24564, 306.73, 58, 2655, 10251
2026/05/04 23:44:37.474, 0, 93, 100, 20998, 24564, 306.73, 58, 2655, 10251
2026/05/04 23:44:37.574, 0, 93, 100, 20998, 24564, 306.73, 58, 2655, 10251
2026/05/04 23:44:37.674, 0, 93, 100, 20998, 24564, 306.73, 58, 2655, 10251
2026/05/04 23:44:37.775, 0, 93, 100, 20998, 24564, 306.73, 58, 2655, 10251
2026/05/04 23:44:37.875, 0, 92, 100, 20998, 24564, 306.64, 58, 2655, 10251
2026/05/04 23:44:37.975, 0, 92, 100, 20998, 24564, 306.64, 58, 2655, 10251
2026/05/04 23:44:38.075, 0, 92, 100, 20998, 24564, 306.64, 58, 2655, 10251
2026/05/04 23:44:38.175, 0, 92, 100, 20998, 24564, 306.64, 58, 2655, 10251
2026/05/04 23:44:38.275, 0, 92, 100, 20998, 24564, 306.64, 58, 2655, 10251
2026/05/04 23:44:38.375, 0, 92, 100, 20998, 24564, 304.91, 58, 2655, 10251
2026/05/04 23:44:38.475, 0, 92, 100, 20998, 24564, 304.91, 58, 2655, 10251
2026/05/04 23:44:38.576, 0, 92, 100, 20998, 24564, 304.91, 58, 2655, 10251
2026/05/04 23:44:38.676, 0, 92, 100, 20998, 24564, 304.91, 58, 2655, 10251
2026/05/04 23:44:38.776, 0, 92, 100, 20998, 24564, 304.91, 58, 2655, 10251
2026/05/04 23:44:38.876, 0, 92, 100, 20998, 24564, 304.90, 58, 2655, 10251
2026/05/04 23:44:38.976, 0, 92, 100, 20998, 24564, 304.90, 58, 2655, 10251
2026/05/04 23:44:39.076, 0, 92, 100, 20998, 24564, 304.90, 58, 2655, 10251
2026/05/04 23:44:39.176, 0, 92, 100, 20998, 24564, 304.90, 58, 2655, 10251
2026/05/04 23:44:39.276, 0, 92, 100, 20998, 24564, 304.90, 58, 2655, 10251
2026/05/04 23:44:39.376, 0, 92, 100, 20998, 24564, 304.92, 58, 2655, 10251
2026/05/04 23:44:39.476, 0, 92, 100, 20998, 24564, 304.92, 58, 2655, 10251
2026/05/04 23:44:39.577, 0, 92, 100, 20998, 24564, 304.92, 58, 2655, 10251
2026/05/04 23:44:39.677, 0, 92, 100, 20998, 24564, 304.92, 58, 2655, 10251
2026/05/04 23:44:39.777, 0, 92, 100, 20998, 24564, 304.92, 58, 2655, 10251
2026/05/04 23:44:39.877, 0, 93, 100, 20998, 24564, 306.74, 58, 2655, 10251
2026/05/04 23:44:39.977, 0, 93, 100, 20998, 24564, 306.74, 58, 2655, 10251
2026/05/04 23:44:40.077, 0, 93, 100, 20998, 24564, 306.74, 58, 2655, 10251
2026/05/04 23:44:40.177, 0, 93, 100, 20998, 24564, 306.74, 58, 2655, 10251
2026/05/04 23:44:40.277, 0, 93, 100, 20998, 24564, 306.74, 58, 2655, 10251
2026/05/04 23:44:40.377, 0, 92, 100, 20998, 24564, 306.86, 58, 2655, 10251
2026/05/04 23:44:40.478, 0, 92, 100, 20998, 24564, 306.86, 58, 2655, 10251
2026/05/04 23:44:40.578, 0, 92, 100, 20998, 24564, 306.86, 58, 2655, 10251
2026/05/04 23:44:40.678, 0, 92, 100, 20998, 24564, 306.86, 58, 2655, 10251
2026/05/04 23:44:40.778, 0, 92, 100, 20998, 24564, 306.86, 58, 2655, 10251
2026/05/04 23:44:40.878, 0, 92, 100, 20998, 24564, 304.91, 58, 2655, 10251
2026/05/04 23:44:40.978, 0, 92, 100, 20998, 24564, 304.91, 58, 2655, 10251
2026/05/04 23:44:41.078, 0, 92, 100, 20998, 24564, 304.91, 58, 2655, 10251
2026/05/04 23:44:41.178, 0, 92, 100, 20998, 24564, 304.91, 58, 2655, 10251
2026/05/04 23:44:41.278, 0, 92, 100, 20998, 24564, 304.91, 58, 2655, 10251
2026/05/04 23:44:41.379, 0, 92, 100, 20998, 24564, 304.88, 59, 2655, 10251
2026/05/04 23:44:41.479, 0, 92, 100, 20998, 24564, 304.88, 59, 2655, 10251
2026/05/04 23:44:41.579, 0, 92, 100, 20998, 24564, 304.88, 59, 2655, 10251
2026/05/04 23:44:41.679, 0, 92, 100, 20998, 24564, 304.88, 59, 2655, 10251
2026/05/04 23:44:41.779, 0, 92, 100, 20998, 24564, 304.88, 59, 2655, 10251
2026/05/04 23:44:41.879, 0, 93, 100, 20998, 24564, 306.67, 59, 2655, 10251
2026/05/04 23:44:41.979, 0, 93, 100, 20998, 24564, 306.67, 59, 2655, 10251
2026/05/04 23:44:42.079, 0, 93, 100, 20998, 24564, 306.67, 59, 2655, 10251
2026/05/04 23:44:42.179, 0, 93, 100, 20998, 24564, 306.67, 59, 2655, 10251
2026/05/04 23:44:42.280, 0, 93, 100, 20998, 24564, 306.67, 59, 2655, 10251
2026/05/04 23:44:42.516, 0, 92, 100, 20998, 24564, 306.34, 59, 2655, 10251
2026/05/04 23:44:42.616, 0, 92, 100, 20998, 24564, 306.34, 59, 2655, 10251
2026/05/04 23:44:42.716, 0, 92, 100, 20998, 24564, 306.34, 59, 2655, 10251
2026/05/04 23:44:42.816, 0, 92, 100, 20998, 24564, 306.34, 59, 2655, 10251
2026/05/04 23:44:42.916, 0, 92, 100, 20998, 24564, 306.34, 59, 2655, 10251
2026/05/04 23:44:43.016, 0, 92, 100, 20998, 24564, 304.80, 59, 2655, 10251
2026/05/04 23:44:43.116, 0, 92, 100, 20998, 24564, 304.80, 59, 2655, 10251
2026/05/04 23:44:43.216, 0, 92, 100, 20998, 24564, 304.80, 59, 2655, 10251
2026/05/04 23:44:43.317, 0, 92, 100, 20998, 24564, 304.80, 59, 2655, 10251
2026/05/04 23:44:43.417, 0, 92, 100, 20998, 24564, 305.18, 59, 2655, 10251
2026/05/04 23:44:43.517, 0, 93, 100, 20998, 24564, 305.18, 59, 2655, 10251
2026/05/04 23:44:43.617, 0, 93, 100, 20998, 24564, 305.18, 59, 2655, 10251
2026/05/04 23:44:43.717, 0, 93, 100, 20998, 24564, 305.18, 59, 2655, 10251
2026/05/04 23:44:43.817, 0, 93, 100, 20998, 24564, 305.18, 59, 2655, 10251
2026/05/04 23:44:43.917, 0, 93, 100, 20998, 24564, 305.24, 59, 2655, 10251
2026/05/04 23:44:44.018, 0, 93, 100, 20998, 24564, 305.24, 59, 2655, 10251
2026/05/04 23:44:44.118, 0, 93, 100, 20998, 24564, 305.24, 59, 2655, 10251
2026/05/04 23:44:44.218, 0, 93, 100, 20998, 24564, 305.24, 59, 2655, 10251
2026/05/04 23:44:44.318, 0, 93, 100, 20998, 24564, 305.24, 59, 2655, 10251
2026/05/04 23:44:44.418, 0, 92, 100, 20998, 24564, 307.37, 59, 2655, 10251
2026/05/04 23:44:44.518, 0, 92, 100, 20998, 24564, 307.37, 59, 2655, 10251
2026/05/04 23:44:44.618, 0, 92, 100, 20998, 24564, 307.37, 59, 2655, 10251
2026/05/04 23:44:44.718, 0, 92, 100, 20998, 24564, 307.37, 59, 2655, 10251
2026/05/04 23:44:44.818, 0, 92, 100, 20998, 24564, 307.37, 59, 2655, 10251
2026/05/04 23:44:44.919, 0, 92, 100, 20998, 24564, 307.72, 59, 2655, 10251
2026/05/04 23:44:45.019, 0, 92, 100, 20998, 24564, 307.72, 59, 2655, 10251
2026/05/04 23:44:45.119, 0, 92, 100, 20998, 24564, 307.72, 59, 2655, 10251
2026/05/04 23:44:45.219, 0, 92, 100, 20998, 24564, 307.72, 59, 2655, 10251
2026/05/04 23:44:45.319, 0, 92, 100, 20998, 24564, 307.72, 59, 2655, 10251
2026/05/04 23:44:45.419, 0, 92, 100, 20998, 24564, 306.01, 59, 2655, 10251
2026/05/04 23:44:45.519, 0, 92, 100, 20998, 24564, 306.01, 59, 2655, 10251
2026/05/04 23:44:45.619, 0, 92, 100, 20998, 24564, 306.01, 59, 2655, 10251
2026/05/04 23:44:45.720, 0, 92, 100, 20998, 24564, 306.01, 59, 2655, 10251
2026/05/04 23:44:45.820, 0, 92, 100, 20998, 24564, 306.01, 59, 2655, 10251
2026/05/04 23:44:45.920, 0, 93, 100, 20998, 24564, 306.04, 59, 2655, 10251
2026/05/04 23:44:46.020, 0, 93, 100, 20998, 24564, 306.04, 59, 2655, 10251
2026/05/04 23:44:46.120, 0, 93, 100, 20998, 24564, 306.04, 59, 2655, 10251
2026/05/04 23:44:46.220, 0, 93, 100, 20998, 24564, 306.04, 59, 2655, 10251
2026/05/04 23:44:46.320, 0, 93, 100, 20998, 24564, 306.04, 59, 2655, 10251
2026/05/04 23:44:46.421, 0, 92, 100, 20998, 24564, 307.83, 59, 2655, 10251
2026/05/04 23:44:46.521, 0, 92, 100, 20998, 24564, 307.83, 59, 2655, 10251
2026/05/04 23:44:46.621, 0, 92, 100, 20998, 24564, 307.83, 59, 2655, 10251
2026/05/04 23:44:46.721, 0, 92, 100, 20998, 24564, 307.83, 59, 2655, 10251
2026/05/04 23:44:46.821, 0, 92, 100, 20998, 24564, 307.83, 59, 2655, 10251
2026/05/04 23:44:46.921, 0, 92, 100, 20998, 24564, 307.74, 59, 2655, 10251
2026/05/04 23:44:47.021, 0, 92, 100, 20998, 24564, 307.74, 59, 2655, 10251
2026/05/04 23:44:47.121, 0, 92, 100, 20998, 24564, 307.74, 59, 2655, 10251
2026/05/04 23:44:47.221, 0, 92, 100, 20998, 24564, 307.74, 59, 2655, 10251
2026/05/04 23:44:47.321, 0, 92, 100, 20998, 24564, 307.74, 59, 2655, 10251
2026/05/04 23:44:47.422, 0, 92, 100, 20998, 24564, 306.70, 59, 2655, 10251
2026/05/04 23:44:47.522, 0, 92, 100, 20998, 24564, 306.70, 59, 2655, 10251
2026/05/04 23:44:47.622, 0, 92, 100, 20998, 24564, 306.70, 59, 2655, 10251
2026/05/04 23:44:47.722, 0, 92, 100, 20998, 24564, 306.70, 59, 2655, 10251
2026/05/04 23:44:47.822, 0, 92, 100, 20998, 24564, 306.70, 59, 2655, 10251
2026/05/04 23:44:47.922, 0, 93, 100, 20998, 24564, 306.88, 59, 2655, 10251
2026/05/04 23:44:48.022, 0, 93, 100, 20998, 24564, 306.88, 59, 2655, 10251
2026/05/04 23:44:48.122, 0, 93, 100, 20998, 24564, 306.88, 59, 2655, 10251
2026/05/04 23:44:48.222, 0, 93, 100, 20998, 24564, 306.88, 59, 2655, 10251
2026/05/04 23:44:48.322, 0, 93, 100, 20998, 24564, 306.88, 59, 2655, 10251
2026/05/04 23:44:48.422, 0, 93, 100, 20998, 24564, 306.82, 60, 2655, 10251
2026/05/04 23:44:48.523, 0, 93, 100, 20998, 24564, 306.82, 60, 2655, 10251
2026/05/04 23:44:48.623, 0, 93, 100, 20998, 24564, 306.82, 60, 2655, 10251
2026/05/04 23:44:48.723, 0, 93, 100, 20998, 24564, 306.82, 60, 2655, 10251
2026/05/04 23:44:48.823, 0, 93, 100, 20998, 24564, 306.82, 60, 2655, 10251
2026/05/04 23:44:48.923, 0, 92, 100, 20998, 24564, 308.17, 59, 2655, 10251
2026/05/04 23:44:49.023, 0, 92, 100, 20998, 24564, 308.17, 59, 2655, 10251
2026/05/04 23:44:49.123, 0, 92, 100, 20998, 24564, 308.17, 59, 2655, 10251
2026/05/04 23:44:49.223, 0, 92, 100, 20998, 24564, 308.17, 59, 2655, 10251
2026/05/04 23:44:49.323, 0, 92, 100, 20998, 24564, 308.17, 59, 2655, 10251
2026/05/04 23:44:49.423, 0, 92, 100, 20998, 24564, 308.21, 60, 2655, 10251
2026/05/04 23:44:49.524, 0, 92, 100, 20998, 24564, 308.21, 60, 2655, 10251
2026/05/04 23:44:49.624, 0, 92, 100, 20998, 24564, 308.21, 60, 2655, 10251
2026/05/04 23:44:49.724, 0, 92, 100, 20998, 24564, 308.21, 60, 2655, 10251
2026/05/04 23:44:49.824, 0, 92, 100, 20998, 24564, 308.21, 60, 2655, 10251
2026/05/04 23:44:49.924, 0, 92, 100, 20998, 24564, 307.04, 60, 2655, 10251
2026/05/04 23:44:50.024, 0, 92, 100, 20998, 24564, 307.04, 60, 2655, 10251
2026/05/04 23:44:50.124, 0, 92, 100, 20998, 24564, 307.04, 60, 2655, 10251
2026/05/04 23:44:50.224, 0, 92, 100, 20998, 24564, 307.04, 60, 2655, 10251
2026/05/04 23:44:50.324, 0, 92, 100, 20998, 24564, 307.04, 60, 2655, 10251
2026/05/04 23:44:50.424, 0, 93, 100, 20998, 24564, 307.21, 60, 2655, 10251
2026/05/04 23:44:50.525, 0, 93, 100, 20998, 24564, 307.21, 60, 2655, 10251
2026/05/04 23:44:50.625, 0, 93, 100, 20998, 24564, 307.21, 60, 2655, 10251
2026/05/04 23:44:50.725, 0, 93, 100, 20998, 24564, 307.21, 60, 2655, 10251
2026/05/04 23:44:50.825, 0, 93, 100, 20998, 24564, 307.21, 60, 2655, 10251
2026/05/04 23:44:50.925, 0, 86, 91, 20998, 24564, 308.75, 60, 2655, 10251
2026/05/04 23:44:51.025, 0, 86, 91, 20998, 24564, 308.75, 60, 2655, 10251
2026/05/04 23:44:51.125, 0, 86, 91, 20998, 24564, 308.75, 60, 2655, 10251
2026/05/04 23:44:51.225, 0, 86, 91, 20998, 24564, 308.75, 60, 2655, 10251
2026/05/04 23:44:51.325, 0, 86, 91, 20998, 24564, 308.75, 60, 2655, 10251
2026/05/04 23:44:51.426, 0, 92, 100, 20998, 24564, 308.51, 60, 2655, 10251
2026/05/04 23:44:51.526, 0, 92, 100, 20998, 24564, 308.51, 60, 2655, 10251
2026/05/04 23:44:51.626, 0, 92, 100, 20998, 24564, 308.51, 60, 2655, 10251
2026/05/04 23:44:51.726, 0, 92, 100, 20998, 24564, 308.51, 60, 2655, 10251
2026/05/04 23:44:51.826, 0, 92, 100, 20998, 24564, 308.51, 60, 2655, 10251
2026/05/04 23:44:51.926, 0, 92, 100, 20998, 24564, 308.41, 60, 2655, 10251
2026/05/04 23:44:52.026, 0, 92, 100, 20998, 24564, 308.41, 60, 2655, 10251
2026/05/04 23:44:52.126, 0, 92, 100, 20998, 24564, 308.41, 60, 2655, 10251
2026/05/04 23:44:52.226, 0, 92, 100, 20998, 24564, 308.41, 60, 2655, 10251
2026/05/04 23:44:52.326, 0, 92, 100, 20998, 24564, 308.41, 60, 2655, 10251
2026/05/04 23:44:52.427, 0, 92, 100, 20998, 24564, 307.10, 60, 2655, 10251
2026/05/04 23:44:52.527, 0, 92, 100, 20998, 24564, 307.10, 60, 2655, 10251
2026/05/04 23:44:52.627, 0, 92, 100, 20998, 24564, 307.10, 60, 2655, 10251
2026/05/04 23:44:52.727, 0, 92, 100, 20998, 24564, 307.10, 60, 2655, 10251
2026/05/04 23:44:52.827, 0, 92, 100, 20998, 24564, 307.10, 60, 2655, 10251
2026/05/04 23:44:52.927, 0, 93, 100, 20998, 24564, 307.11, 60, 2655, 10251
2026/05/04 23:44:53.027, 0, 93, 100, 20998, 24564, 307.11, 60, 2655, 10251
2026/05/04 23:44:53.127, 0, 93, 100, 20998, 24564, 307.11, 60, 2655, 10251
2026/05/04 23:44:53.227, 0, 93, 100, 20998, 24564, 307.11, 60, 2655, 10251
2026/05/04 23:44:53.328, 0, 93, 100, 20998, 24564, 307.11, 60, 2655, 10251
2026/05/04 23:44:53.428, 0, 92, 100, 20998, 24564, 308.83, 60, 2655, 10251
2026/05/04 23:44:53.528, 0, 92, 100, 20998, 24564, 308.83, 60, 2655, 10251
2026/05/04 23:44:53.628, 0, 92, 100, 20998, 24564, 308.83, 60, 2655, 10251
2026/05/04 23:44:53.728, 0, 92, 100, 20998, 24564, 308.83, 60, 2655, 10251
2026/05/04 23:44:53.828, 0, 92, 100, 20998, 24564, 308.83, 60, 2655, 10251
2026/05/04 23:44:53.928, 0, 92, 100, 20998, 24564, 308.61, 60, 2655, 10251
2026/05/04 23:44:54.028, 0, 92, 100, 20998, 24564, 308.61, 60, 2655, 10251
2026/05/04 23:44:54.128, 0, 92, 100, 20998, 24564, 308.61, 60, 2655, 10251
2026/05/04 23:44:54.229, 0, 92, 100, 20998, 24564, 308.61, 60, 2655, 10251
2026/05/04 23:44:54.329, 0, 92, 100, 20998, 24564, 308.61, 60, 2655, 10251
2026/05/04 23:44:54.429, 0, 92, 100, 20998, 24564, 307.01, 60, 2655, 10251
2026/05/04 23:44:54.529, 0, 92, 100, 20998, 24564, 307.01, 60, 2655, 10251
2026/05/04 23:44:54.629, 0, 92, 100, 20998, 24564, 307.01, 60, 2655, 10251
2026/05/04 23:44:54.729, 0, 92, 100, 20998, 24564, 307.01, 60, 2655, 10251
2026/05/04 23:44:54.829, 0, 92, 100, 20998, 24564, 307.01, 60, 2655, 10251
2026/05/04 23:44:54.929, 0, 92, 100, 20998, 24564, 307.13, 60, 2655, 10251
2026/05/04 23:44:55.029, 0, 92, 100, 20998, 24564, 307.13, 60, 2655, 10251
2026/05/04 23:44:55.129, 0, 92, 100, 20998, 24564, 307.13, 60, 2655, 10251
2026/05/04 23:44:55.230, 0, 92, 100, 20998, 24564, 307.13, 60, 2655, 10251
2026/05/04 23:44:55.330, 0, 92, 100, 20998, 24564, 307.13, 60, 2655, 10251
2026/05/04 23:44:55.430, 0, 85, 92, 20998, 24564, 305.28, 61, 2655, 10251
2026/05/04 23:44:55.530, 0, 85, 92, 20998, 24564, 305.28, 61, 2655, 10251
2026/05/04 23:44:55.630, 0, 85, 92, 20998, 24564, 305.28, 61, 2655, 10251
2026/05/04 23:44:55.730, 0, 85, 92, 20998, 24564, 305.28, 61, 2655, 10251
2026/05/04 23:44:55.830, 0, 85, 92, 20998, 24564, 305.28, 61, 2655, 10251
2026/05/04 23:44:55.930, 0, 93, 100, 20998, 24564, 308.26, 60, 2655, 10251
2026/05/04 23:44:56.030, 0, 93, 100, 20998, 24564, 308.26, 60, 2655, 10251
2026/05/04 23:44:56.131, 0, 93, 100, 20998, 24564, 308.26, 60, 2655, 10251
2026/05/04 23:44:56.231, 0, 93, 100, 20998, 24564, 308.26, 60, 2655, 10251
2026/05/04 23:44:56.331, 0, 93, 100, 20998, 24564, 308.26, 60, 2655, 10251
2026/05/04 23:44:56.431, 0, 92, 100, 20998, 24564, 308.51, 60, 2655, 10251
2026/05/04 23:44:56.531, 0, 92, 100, 20998, 24564, 308.51, 60, 2655, 10251
2026/05/04 23:44:56.631, 0, 92, 100, 20998, 24564, 308.51, 60, 2655, 10251
2026/05/04 23:44:56.731, 0, 92, 100, 20998, 24564, 308.51, 60, 2655, 10251
2026/05/04 23:44:56.831, 0, 92, 100, 20998, 24564, 308.51, 60, 2655, 10251
2026/05/04 23:44:56.932, 0, 92, 100, 20998, 24564, 307.22, 60, 2655, 10251
2026/05/04 23:44:57.032, 0, 92, 100, 20998, 24564, 307.22, 60, 2655, 10251
2026/05/04 23:44:57.132, 0, 92, 100, 20998, 24564, 307.22, 60, 2655, 10251
2026/05/04 23:44:57.232, 0, 92, 100, 20998, 24564, 307.22, 60, 2655, 10251
2026/05/04 23:44:57.332, 0, 92, 100, 20998, 24564, 307.22, 60, 2655, 10251
2026/05/04 23:44:57.432, 0, 92, 100, 20998, 24564, 307.44, 60, 2655, 10251
2026/05/04 23:44:57.532, 0, 92, 100, 20998, 24564, 307.44, 60, 2655, 10251
2026/05/04 23:44:57.632, 0, 92, 100, 20998, 24564, 307.44, 60, 2655, 10251
2026/05/04 23:44:57.732, 0, 92, 100, 20998, 24564, 307.44, 60, 2655, 10251
2026/05/04 23:44:57.833, 0, 92, 100, 20998, 24564, 307.44, 60, 2655, 10251
2026/05/04 23:44:57.933, 0, 93, 100, 20998, 24564, 309.10, 60, 2655, 10251
2026/05/04 23:44:58.033, 0, 93, 100, 20998, 24564, 309.10, 60, 2655, 10251
2026/05/04 23:44:58.133, 0, 93, 100, 20998, 24564, 309.10, 60, 2655, 10251
2026/05/04 23:44:58.233, 0, 93, 100, 20998, 24564, 309.10, 60, 2655, 10251
2026/05/04 23:44:58.333, 0, 93, 100, 20998, 24564, 309.10, 60, 2655, 10251
2026/05/04 23:44:58.433, 0, 93, 100, 20998, 24564, 309.00, 60, 2655, 10251
2026/05/04 23:44:58.533, 0, 93, 100, 20998, 24564, 309.00, 60, 2655, 10251
2026/05/04 23:44:58.634, 0, 93, 100, 20998, 24564, 309.00, 60, 2655, 10251
2026/05/04 23:44:58.734, 0, 93, 100, 20998, 24564, 309.00, 60, 2655, 10251
2026/05/04 23:44:58.834, 0, 93, 100, 20998, 24564, 309.00, 60, 2655, 10251
2026/05/04 23:44:58.934, 0, 92, 100, 20998, 24564, 307.01, 60, 2655, 10251
2026/05/04 23:44:59.034, 0, 92, 100, 20998, 24564, 307.01, 60, 2655, 10251
2026/05/04 23:44:59.134, 0, 92, 100, 20998, 24564, 307.01, 60, 2655, 10251
2026/05/04 23:44:59.234, 0, 92, 100, 20998, 24564, 307.01, 60, 2655, 10251
2026/05/04 23:44:59.334, 0, 92, 100, 20998, 24564, 307.01, 60, 2655, 10251
2026/05/04 23:44:59.435, 0, 92, 100, 20998, 24564, 307.23, 60, 2655, 10251
2026/05/04 23:44:59.535, 0, 92, 100, 20998, 24564, 307.23, 60, 2655, 10251
2026/05/04 23:44:59.635, 0, 92, 100, 20998, 24564, 307.23, 60, 2655, 10251
2026/05/04 23:44:59.735, 0, 92, 100, 20998, 24564, 307.23, 60, 2655, 10251
2026/05/04 23:44:59.835, 0, 92, 100, 20998, 24564, 307.23, 60, 2655, 10251
2026/05/04 23:44:59.935, 0, 92, 100, 20998, 24564, 310.08, 60, 2655, 10251
2026/05/04 23:45:00.035, 0, 92, 100, 20998, 24564, 310.08, 60, 2655, 10251
2026/05/04 23:45:00.135, 0, 92, 100, 20998, 24564, 310.08, 60, 2655, 10251
2026/05/04 23:45:00.235, 0, 92, 100, 20998, 24564, 310.08, 60, 2655, 10251
2026/05/04 23:45:00.336, 0, 92, 100, 20998, 24564, 310.08, 60, 2655, 10251
2026/05/04 23:45:00.436, 0, 92, 100, 20998, 24564, 311.75, 60, 2655, 10251
2026/05/04 23:45:00.536, 0, 92, 100, 20998, 24564, 311.75, 60, 2655, 10251
2026/05/04 23:45:00.636, 0, 92, 100, 20998, 24564, 311.75, 60, 2655, 10251
2026/05/04 23:45:00.736, 0, 92, 100, 20998, 24564, 311.75, 60, 2655, 10251
2026/05/04 23:45:00.836, 0, 92, 100, 20998, 24564, 311.75, 60, 2655, 10251
2026/05/04 23:45:00.936, 0, 92, 100, 20998, 24564, 309.50, 61, 2655, 10251
2026/05/04 23:45:01.036, 0, 92, 100, 20998, 24564, 309.50, 61, 2655, 10251
2026/05/04 23:45:01.137, 0, 92, 100, 20998, 24564, 309.50, 61, 2655, 10251
2026/05/04 23:45:01.237, 0, 92, 100, 20998, 24564, 309.50, 61, 2655, 10251
2026/05/04 23:45:01.337, 0, 92, 100, 20998, 24564, 309.50, 61, 2655, 10251
2026/05/04 23:45:01.437, 0, 96, 100, 20998, 24564, 309.29, 61, 2655, 10251
2026/05/04 23:45:01.537, 0, 96, 100, 20998, 24564, 309.29, 61, 2655, 10251
2026/05/04 23:45:01.637, 0, 96, 100, 20998, 24564, 309.29, 61, 2655, 10251
2026/05/04 23:45:01.737, 0, 96, 100, 20998, 24564, 309.29, 61, 2655, 10251
2026/05/04 23:45:01.837, 0, 96, 100, 20998, 24564, 309.29, 61, 2655, 10251
2026/05/04 23:45:01.937, 0, 96, 100, 20998, 24564, 312.78, 61, 2655, 10251
2026/05/04 23:45:02.037, 0, 96, 100, 20998, 24564, 312.78, 61, 2655, 10251
2026/05/04 23:45:02.138, 0, 96, 100, 20998, 24564, 312.78, 61, 2655, 10251
2026/05/04 23:45:02.238, 0, 96, 100, 20998, 24564, 312.78, 61, 2655, 10251
2026/05/04 23:45:02.338, 0, 96, 100, 20998, 24564, 312.78, 61, 2655, 10251
2026/05/04 23:45:02.438, 0, 92, 100, 20998, 24564, 315.58, 61, 2655, 10251
2026/05/04 23:45:02.538, 0, 92, 100, 20998, 24564, 315.58, 61, 2655, 10251
2026/05/04 23:45:02.638, 0, 92, 100, 20998, 24564, 315.58, 61, 2655, 10251
2026/05/04 23:45:02.738, 0, 92, 100, 20998, 24564, 315.58, 61, 2655, 10251
2026/05/04 23:45:02.838, 0, 92, 100, 20998, 24564, 315.58, 61, 2655, 10251
2026/05/04 23:45:02.938, 0, 92, 100, 20998, 24564, 312.26, 61, 2655, 10251
2026/05/04 23:45:03.039, 0, 92, 100, 20998, 24564, 312.26, 61, 2655, 10251
2026/05/04 23:45:03.139, 0, 92, 100, 20998, 24564, 312.26, 61, 2655, 10251
2026/05/04 23:45:03.239, 0, 92, 100, 20998, 24564, 312.26, 61, 2655, 10251
2026/05/04 23:45:03.339, 0, 92, 100, 20998, 24564, 312.26, 61, 2655, 10251
2026/05/04 23:45:03.439, 0, 92, 100, 20998, 24564, 308.53, 61, 2655, 10251
2026/05/04 23:45:03.539, 0, 92, 100, 20998, 24564, 308.53, 61, 2655, 10251
2026/05/04 23:45:03.639, 0, 92, 100, 20998, 24564, 308.53, 61, 2655, 10251
2026/05/04 23:45:03.739, 0, 92, 100, 20998, 24564, 308.53, 61, 2655, 10251
2026/05/04 23:45:03.840, 0, 92, 100, 20998, 24564, 308.53, 61, 2655, 10251
2026/05/04 23:45:03.940, 0, 93, 100, 20998, 24564, 308.35, 61, 2655, 10251
2026/05/04 23:45:04.040, 0, 93, 100, 20998, 24564, 308.35, 61, 2655, 10251
2026/05/04 23:45:04.140, 0, 93, 100, 20998, 24564, 308.35, 61, 2655, 10251
2026/05/04 23:45:04.240, 0, 93, 100, 20998, 24564, 308.35, 61, 2655, 10251
2026/05/04 23:45:04.340, 0, 93, 100, 20998, 24564, 308.35, 61, 2655, 10251
2026/05/04 23:45:04.440, 0, 93, 100, 20998, 24564, 308.44, 60, 2655, 10251
2026/05/04 23:45:04.540, 0, 93, 100, 20998, 24564, 308.44, 60, 2655, 10251
2026/05/04 23:45:04.641, 0, 93, 100, 20998, 24564, 308.44, 60, 2655, 10251
2026/05/04 23:45:04.741, 0, 93, 100, 20998, 24564, 308.44, 60, 2655, 10251
2026/05/04 23:45:04.841, 0, 93, 100, 20998, 24564, 308.44, 60, 2655, 10251
2026/05/04 23:45:04.941, 0, 92, 100, 20998, 24564, 309.80, 61, 2655, 10251
2026/05/04 23:45:05.041, 0, 92, 100, 20998, 24564, 309.80, 61, 2655, 10251
2026/05/04 23:45:05.141, 0, 92, 100, 20998, 24564, 309.80, 61, 2655, 10251
2026/05/04 23:45:05.241, 0, 92, 100, 20998, 24564, 309.80, 61, 2655, 10251
2026/05/04 23:45:05.341, 0, 92, 100, 20998, 24564, 309.80, 61, 2655, 10251
2026/05/04 23:45:05.442, 0, 92, 100, 20998, 24564, 309.83, 61, 2655, 10251
2026/05/04 23:45:05.542, 0, 92, 100, 20998, 24564, 309.83, 61, 2655, 10251
2026/05/04 23:45:05.642, 0, 92, 100, 20998, 24564, 309.83, 61, 2655, 10251
2026/05/04 23:45:05.742, 0, 92, 100, 20998, 24564, 309.83, 61, 2655, 10251
2026/05/04 23:45:05.842, 0, 92, 100, 20998, 24564, 309.83, 61, 2655, 10251
2026/05/04 23:45:05.942, 0, 93, 100, 20998, 24564, 307.98, 61, 2655, 10251
2026/05/04 23:45:06.042, 0, 93, 100, 20998, 24564, 307.98, 61, 2655, 10251
2026/05/04 23:45:06.142, 0, 93, 100, 20998, 24564, 307.98, 61, 2655, 10251
2026/05/04 23:45:06.243, 0, 93, 100, 20998, 24564, 307.98, 61, 2655, 10251
2026/05/04 23:45:06.343, 0, 93, 100, 20998, 24564, 307.98, 61, 2655, 10251
2026/05/04 23:45:06.443, 0, 96, 100, 20998, 24564, 308.49, 61, 2655, 10251
2026/05/04 23:45:06.543, 0, 96, 100, 20998, 24564, 308.49, 61, 2655, 10251
2026/05/04 23:45:06.643, 0, 96, 100, 20998, 24564, 308.49, 61, 2655, 10251
2026/05/04 23:45:06.743, 0, 96, 100, 20998, 24564, 308.49, 61, 2655, 10251
2026/05/04 23:45:06.843, 0, 96, 100, 20998, 24564, 308.49, 61, 2655, 10251
2026/05/04 23:45:06.943, 0, 95, 100, 20998, 24564, 313.09, 61, 2655, 10251
2026/05/04 23:45:07.043, 0, 95, 100, 20998, 24564, 313.09, 61, 2655, 10251
2026/05/04 23:45:07.143, 0, 95, 100, 20998, 24564, 313.09, 61, 2655, 10251
2026/05/04 23:45:07.244, 0, 95, 100, 20998, 24564, 313.09, 61, 2655, 10251
2026/05/04 23:45:07.344, 0, 95, 100, 20998, 24564, 313.09, 61, 2655, 10251
2026/05/04 23:45:07.444, 0, 95, 100, 20998, 24564, 316.03, 61, 2655, 10251
2026/05/04 23:45:07.544, 0, 95, 100, 20998, 24564, 316.03, 61, 2655, 10251
2026/05/04 23:45:07.644, 0, 95, 100, 20998, 24564, 316.03, 61, 2655, 10251
2026/05/04 23:45:07.744, 0, 95, 100, 20998, 24564, 316.03, 61, 2655, 10251
2026/05/04 23:45:07.844, 0, 95, 100, 20998, 24564, 316.03, 61, 2655, 10251
2026/05/04 23:45:07.944, 0, 93, 100, 20998, 24564, 313.30, 61, 2655, 10251
2026/05/04 23:45:08.044, 0, 93, 100, 20998, 24564, 313.30, 61, 2655, 10251
2026/05/04 23:45:08.145, 0, 93, 100, 20998, 24564, 313.30, 61, 2655, 10251
2026/05/04 23:45:08.245, 0, 93, 100, 20998, 24564, 313.30, 61, 2655, 10251
2026/05/04 23:45:08.345, 0, 93, 100, 20998, 24564, 313.30, 61, 2655, 10251
2026/05/04 23:45:08.445, 0, 93, 100, 20998, 24564, 309.91, 61, 2655, 10251
2026/05/04 23:45:08.545, 0, 93, 100, 20998, 24564, 309.91, 61, 2655, 10251
2026/05/04 23:45:08.645, 0, 93, 100, 20998, 24564, 309.91, 61, 2655, 10251
2026/05/04 23:45:08.745, 0, 93, 100, 20998, 24564, 309.91, 61, 2655, 10251
2026/05/04 23:45:08.845, 0, 93, 100, 20998, 24564, 309.91, 61, 2655, 10251
2026/05/04 23:45:08.945, 0, 93, 100, 20998, 24564, 307.69, 61, 2655, 10251
2026/05/04 23:45:09.046, 0, 93, 100, 20998, 24564, 307.69, 61, 2655, 10251
2026/05/04 23:45:09.146, 0, 93, 100, 20998, 24564, 307.69, 61, 2655, 10251
2026/05/04 23:45:09.246, 0, 93, 100, 20998, 24564, 307.69, 61, 2655, 10251
2026/05/04 23:45:09.346, 0, 93, 100, 20998, 24564, 307.69, 61, 2655, 10251
2026/05/04 23:45:09.446, 0, 92, 100, 20998, 24564, 309.96, 61, 2655, 10251
2026/05/04 23:45:09.546, 0, 92, 100, 20998, 24564, 309.96, 61, 2655, 10251
2026/05/04 23:45:09.646, 0, 92, 100, 20998, 24564, 309.96, 61, 2655, 10251
2026/05/04 23:45:09.746, 0, 92, 100, 20998, 24564, 309.96, 61, 2655, 10251
2026/05/04 23:45:09.846, 0, 92, 100, 20998, 24564, 309.96, 61, 2655, 10251
2026/05/04 23:45:09.946, 0, 95, 100, 20998, 24564, 312.31, 61, 2655, 10251
2026/05/04 23:45:10.047, 0, 95, 100, 20998, 24564, 312.31, 61, 2655, 10251
2026/05/04 23:45:10.147, 0, 95, 100, 20998, 24564, 312.31, 61, 2655, 10251
2026/05/04 23:45:10.247, 0, 95, 100, 20998, 24564, 312.31, 61, 2655, 10251
2026/05/04 23:45:10.347, 0, 95, 100, 20998, 24564, 312.31, 61, 2655, 10251
2026/05/04 23:45:10.447, 0, 95, 100, 20998, 24564, 313.44, 61, 2655, 10251
2026/05/04 23:45:10.547, 0, 95, 100, 20998, 24564, 313.44, 61, 2655, 10251
2026/05/04 23:45:10.647, 0, 95, 100, 20998, 24564, 313.44, 61, 2655, 10251
2026/05/04 23:45:10.747, 0, 95, 100, 20998, 24564, 313.44, 61, 2655, 10251
2026/05/04 23:45:10.847, 0, 95, 100, 20998, 24564, 313.44, 61, 2655, 10251
2026/05/04 23:45:10.947, 0, 95, 100, 20998, 24564, 315.19, 61, 2655, 10251
2026/05/04 23:45:11.048, 0, 95, 100, 20998, 24564, 315.19, 61, 2655, 10251
2026/05/04 23:45:11.148, 0, 95, 100, 20998, 24564, 315.19, 61, 2655, 10251
2026/05/04 23:45:11.248, 0, 95, 100, 20998, 24564, 315.19, 61, 2655, 10251
2026/05/04 23:45:11.348, 0, 95, 100, 20998, 24564, 315.19, 61, 2655, 10251
2026/05/04 23:45:11.448, 0, 93, 100, 20998, 24564, 314.91, 61, 2655, 10251
2026/05/04 23:45:11.548, 0, 93, 100, 20998, 24564, 314.91, 61, 2655, 10251
2026/05/04 23:45:11.648, 0, 93, 100, 20998, 24564, 314.91, 61, 2655, 10251
2026/05/04 23:45:11.748, 0, 93, 100, 20998, 24564, 314.91, 61, 2655, 10251
2026/05/04 23:45:11.848, 0, 93, 100, 20998, 24564, 314.91, 61, 2655, 10251
2026/05/04 23:45:11.949, 0, 92, 100, 20998, 24564, 314.05, 61, 2655, 10251
2026/05/04 23:45:12.049, 0, 92, 100, 20998, 24564, 314.05, 61, 2655, 10251
2026/05/04 23:45:12.149, 0, 92, 100, 20998, 24564, 314.05, 61, 2655, 10251
2026/05/04 23:45:12.249, 0, 92, 100, 20998, 24564, 314.05, 61, 2655, 10251
2026/05/04 23:45:12.349, 0, 92, 100, 20998, 24564, 314.05, 61, 2655, 10251
2026/05/04 23:45:12.449, 0, 93, 100, 20998, 24564, 310.30, 61, 2655, 10251
2026/05/04 23:45:12.549, 0, 93, 100, 20998, 24564, 310.30, 61, 2655, 10251
2026/05/04 23:45:12.649, 0, 93, 100, 20998, 24564, 310.30, 61, 2655, 10251
2026/05/04 23:45:12.749, 0, 93, 100, 20998, 24564, 310.30, 61, 2655, 10251
2026/05/04 23:45:12.849, 0, 93, 100, 20998, 24564, 310.30, 61, 2655, 10251
2026/05/04 23:45:12.950, 0, 93, 100, 20998, 24564, 307.64, 61, 2655, 10251
2026/05/04 23:45:13.050, 0, 93, 100, 20998, 24564, 307.64, 61, 2655, 10251
2026/05/04 23:45:13.150, 0, 93, 100, 20998, 24564, 307.64, 61, 2655, 10251
2026/05/04 23:45:13.403, 0, 93, 100, 20998, 24564, 307.64, 61, 2655, 10251
2026/05/04 23:45:13.503, 0, 93, 100, 20998, 24564, 307.29, 61, 2655, 10251
2026/05/04 23:45:13.603, 0, 93, 100, 20998, 24564, 307.29, 61, 2655, 10251
2026/05/04 23:45:13.703, 0, 93, 100, 20998, 24564, 307.29, 61, 2655, 10251
2026/05/04 23:45:13.804, 0, 93, 100, 20998, 24564, 307.29, 61, 2655, 10251
2026/05/04 23:45:13.904, 0, 93, 100, 20998, 24564, 307.29, 61, 2655, 10251
2026/05/04 23:45:14.004, 0, 92, 100, 20998, 24564, 309.58, 61, 2655, 10251
2026/05/04 23:45:14.104, 0, 92, 100, 20998, 24564, 309.58, 61, 2655, 10251
2026/05/04 23:45:14.204, 0, 92, 100, 20998, 24564, 309.58, 61, 2655, 10251
2026/05/04 23:45:14.304, 0, 92, 100, 20998, 24564, 309.58, 61, 2655, 10251
2026/05/04 23:45:14.404, 0, 92, 100, 20998, 24564, 309.58, 61, 2655, 10251
2026/05/04 23:45:14.504, 0, 92, 100, 20998, 24564, 309.86, 61, 2655, 10251
2026/05/04 23:45:14.604, 0, 92, 100, 20998, 24564, 309.86, 61, 2655, 10251
2026/05/04 23:45:14.705, 0, 92, 100, 20998, 24564, 309.86, 61, 2655, 10251
2026/05/04 23:45:14.805, 0, 92, 100, 20998, 24564, 309.86, 61, 2655, 10251
2026/05/04 23:45:14.905, 0, 92, 100, 20998, 24564, 309.86, 61, 2655, 10251
2026/05/04 23:45:15.005, 0, 92, 100, 20998, 24564, 308.33, 61, 2655, 10251
2026/05/04 23:45:15.105, 0, 92, 100, 20998, 24564, 308.33, 61, 2655, 10251
2026/05/04 23:45:15.205, 0, 92, 100, 20998, 24564, 308.33, 61, 2655, 10251
2026/05/04 23:45:15.305, 0, 92, 100, 20998, 24564, 308.33, 61, 2655, 10251
2026/05/04 23:45:15.405, 0, 92, 100, 20998, 24564, 308.33, 61, 2655, 10251
2026/05/04 23:45:15.505, 0, 92, 100, 20998, 24564, 308.41, 61, 2655, 10251
2026/05/04 23:45:15.606, 0, 92, 100, 20998, 24564, 308.41, 61, 2655, 10251
2026/05/04 23:45:15.706, 0, 92, 100, 20998, 24564, 308.41, 61, 2655, 10251
2026/05/04 23:45:15.806, 0, 92, 100, 20998, 24564, 308.41, 61, 2655, 10251
2026/05/04 23:45:15.906, 0, 92, 100, 20998, 24564, 308.41, 61, 2655, 10251
2026/05/04 23:45:16.006, 0, 87, 92, 20998, 24564, 310.47, 61, 2655, 10251
2026/05/04 23:45:16.106, 0, 87, 92, 20998, 24564, 310.47, 61, 2655, 10251
2026/05/04 23:45:16.206, 0, 87, 92, 20998, 24564, 310.47, 61, 2655, 10251
2026/05/04 23:45:16.306, 0, 87, 92, 20998, 24564, 310.47, 61, 2655, 10251
2026/05/04 23:45:16.407, 0, 87, 92, 20998, 24564, 310.47, 61, 2655, 10251
2026/05/04 23:45:16.507, 0, 92, 100, 20998, 24564, 310.69, 61, 2655, 10251
2026/05/04 23:45:16.607, 0, 92, 100, 20998, 24564, 310.69, 61, 2655, 10251
2026/05/04 23:45:16.707, 0, 92, 100, 20998, 24564, 310.69, 61, 2655, 10251
2026/05/04 23:45:16.807, 0, 92, 100, 20998, 24564, 310.69, 61, 2655, 10251
2026/05/04 23:45:16.907, 0, 92, 100, 20998, 24564, 310.69, 61, 2655, 10251
2026/05/04 23:45:17.007, 0, 92, 100, 20998, 24564, 310.34, 61, 2655, 10251
2026/05/04 23:45:17.107, 0, 92, 100, 20998, 24564, 310.34, 61, 2655, 10251
2026/05/04 23:45:17.207, 0, 92, 100, 20998, 24564, 310.34, 61, 2655, 10251
2026/05/04 23:45:17.307, 0, 92, 100, 20998, 24564, 310.34, 61, 2655, 10251
2026/05/04 23:45:17.408, 0, 92, 100, 20998, 24564, 310.34, 61, 2655, 10251
2026/05/04 23:45:17.508, 0, 92, 100, 20998, 24564, 308.63, 61, 2655, 10251
2026/05/04 23:45:17.608, 0, 92, 100, 20998, 24564, 308.63, 61, 2655, 10251
2026/05/04 23:45:17.708, 0, 92, 100, 20998, 24564, 308.63, 61, 2655, 10251
2026/05/04 23:45:17.808, 0, 92, 100, 20998, 24564, 308.63, 61, 2655, 10251
2026/05/04 23:45:17.908, 0, 92, 100, 20998, 24564, 308.63, 61, 2655, 10251
2026/05/04 23:45:18.008, 0, 93, 100, 20998, 24564, 308.59, 61, 2655, 10251
2026/05/04 23:45:18.108, 0, 93, 100, 20998, 24564, 308.59, 61, 2655, 10251
2026/05/04 23:45:18.208, 0, 93, 100, 20998, 24564, 308.59, 61, 2655, 10251
2026/05/04 23:45:18.308, 0, 93, 100, 20998, 24564, 308.59, 61, 2655, 10251
2026/05/04 23:45:18.409, 0, 93, 100, 20998, 24564, 308.59, 61, 2655, 10251
2026/05/04 23:45:18.509, 0, 92, 100, 20998, 24564, 310.30, 61, 2655, 10251
2026/05/04 23:45:18.609, 0, 92, 100, 20998, 24564, 310.30, 61, 2655, 10251
2026/05/04 23:45:18.709, 0, 92, 100, 20998, 24564, 310.30, 61, 2655, 10251
2026/05/04 23:45:18.809, 0, 92, 100, 20998, 24564, 310.30, 61, 2655, 10251
2026/05/04 23:45:18.909, 0, 92, 100, 20998, 24564, 310.30, 61, 2655, 10251
2026/05/04 23:45:19.009, 0, 92, 100, 20998, 24564, 309.98, 61, 2655, 10251
2026/05/04 23:45:19.109, 0, 92, 100, 20998, 24564, 309.98, 61, 2655, 10251
2026/05/04 23:45:19.209, 0, 92, 100, 20998, 24564, 309.98, 61, 2655, 10251
2026/05/04 23:45:19.309, 0, 92, 100, 20998, 24564, 309.98, 61, 2655, 10251
2026/05/04 23:45:19.410, 0, 92, 100, 20998, 24564, 309.98, 61, 2655, 10251
2026/05/04 23:45:19.510, 0, 92, 100, 20998, 24564, 308.42, 61, 2655, 10251
2026/05/04 23:45:19.610, 0, 92, 100, 20998, 24564, 308.42, 61, 2655, 10251
2026/05/04 23:45:19.711, 0, 92, 100, 20998, 24564, 308.42, 61, 2655, 10251
2026/05/04 23:45:19.811, 0, 92, 100, 20998, 24564, 308.42, 61, 2655, 10251
2026/05/04 23:45:19.911, 0, 92, 100, 20998, 24564, 308.42, 61, 2655, 10251
2026/05/04 23:45:20.011, 0, 92, 100, 20998, 24564, 308.49, 61, 2655, 10251
2026/05/04 23:45:20.111, 0, 92, 100, 20998, 24564, 308.49, 61, 2655, 10251
2026/05/04 23:45:20.211, 0, 92, 100, 20998, 24564, 308.49, 61, 2655, 10251
2026/05/04 23:45:20.311, 0, 92, 100, 20998, 24564, 308.49, 61, 2655, 10251
2026/05/04 23:45:20.411, 0, 92, 100, 20998, 24564, 308.49, 61, 2655, 10251
2026/05/04 23:45:20.511, 0, 93, 100, 20998, 24564, 308.60, 63, 2655, 10251
2026/05/04 23:45:20.611, 0, 93, 100, 20998, 24564, 308.60, 63, 2655, 10251
2026/05/04 23:45:20.712, 0, 93, 100, 20998, 24564, 308.60, 63, 2655, 10251
2026/05/04 23:45:20.812, 0, 93, 100, 20998, 24564, 308.60, 63, 2655, 10251
2026/05/04 23:45:20.912, 0, 93, 100, 20998, 24564, 308.60, 63, 2655, 10251
2026/05/04 23:45:21.012, 0, 92, 100, 20998, 24564, 310.33, 61, 2655, 10251
2026/05/04 23:45:21.112, 0, 92, 100, 20998, 24564, 310.33, 61, 2655, 10251
2026/05/04 23:45:21.212, 0, 92, 100, 20998, 24564, 310.33, 61, 2655, 10251
2026/05/04 23:45:21.312, 0, 92, 100, 20998, 24564, 310.33, 61, 2655, 10251
2026/05/04 23:45:21.412, 0, 92, 100, 20998, 24564, 310.33, 61, 2655, 10251
2026/05/04 23:45:21.512, 0, 92, 100, 20998, 24564, 310.33, 61, 2655, 10251
2026/05/04 23:45:21.613, 0, 92, 100, 20998, 24564, 310.33, 61, 2655, 10251
2026/05/04 23:45:21.713, 0, 92, 100, 20998, 24564, 310.33, 61, 2655, 10251
2026/05/04 23:45:21.813, 0, 92, 100, 20998, 24564, 310.33, 61, 2655, 10251
2026/05/04 23:45:21.913, 0, 92, 100, 20998, 24564, 310.33, 61, 2655, 10251
2026/05/04 23:45:22.013, 0, 92, 100, 20998, 24564, 308.66, 61, 2655, 10251
2026/05/04 23:45:22.113, 0, 92, 100, 20998, 24564, 308.66, 61, 2655, 10251
2026/05/04 23:45:22.213, 0, 92, 100, 20998, 24564, 308.66, 61, 2655, 10251
2026/05/04 23:45:22.314, 0, 92, 100, 20998, 24564, 308.66, 61, 2655, 10251
2026/05/04 23:45:22.414, 0, 92, 100, 20998, 24564, 308.66, 61, 2655, 10251
2026/05/04 23:45:22.514, 0, 92, 100, 20998, 24564, 308.64, 61, 2655, 10251
2026/05/04 23:45:22.614, 0, 92, 100, 20998, 24564, 308.64, 61, 2655, 10251
2026/05/04 23:45:22.714, 0, 92, 100, 20998, 24564, 308.64, 61, 2655, 10251
2026/05/04 23:45:22.814, 0, 92, 100, 20998, 24564, 308.64, 61, 2655, 10251
2026/05/04 23:45:22.914, 0, 92, 100, 20998, 24564, 308.64, 61, 2655, 10251
2026/05/04 23:45:23.014, 0, 93, 100, 20998, 24564, 310.07, 61, 2655, 10251
2026/05/04 23:45:23.115, 0, 93, 100, 20998, 24564, 310.07, 61, 2655, 10251
2026/05/04 23:45:23.215, 0, 93, 100, 20998, 24564, 310.07, 61, 2655, 10251
2026/05/04 23:45:23.315, 0, 93, 100, 20998, 24564, 310.07, 61, 2655, 10251
2026/05/04 23:45:23.415, 0, 93, 100, 20998, 24564, 310.07, 61, 2655, 10251
2026/05/04 23:45:23.515, 0, 92, 100, 20998, 24564, 310.17, 61, 2655, 10251
2026/05/04 23:45:23.615, 0, 92, 100, 20998, 24564, 310.17, 61, 2655, 10251
2026/05/04 23:45:23.715, 0, 92, 100, 20998, 24564, 310.17, 61, 2655, 10251
2026/05/04 23:45:23.815, 0, 92, 100, 20998, 24564, 310.17, 61, 2655, 10251
2026/05/04 23:45:23.915, 0, 92, 100, 20998, 24564, 310.17, 61, 2655, 10251
2026/05/04 23:45:24.016, 0, 92, 100, 20998, 24564, 308.92, 61, 2655, 10251
2026/05/04 23:45:24.116, 0, 92, 100, 20998, 24564, 308.92, 61, 2655, 10251
2026/05/04 23:45:24.216, 0, 92, 100, 20998, 24564, 308.92, 61, 2655, 10251
2026/05/04 23:45:24.316, 0, 92, 100, 20998, 24564, 308.92, 61, 2655, 10251
2026/05/04 23:45:24.416, 0, 92, 100, 20998, 24564, 308.92, 61, 2655, 10251
2026/05/04 23:45:24.519, 0, 92, 100, 20998, 24564, 308.80, 61, 2655, 10251
2026/05/04 23:45:24.619, 0, 92, 100, 20998, 24564, 308.80, 61, 2655, 10251
2026/05/04 23:45:24.719, 0, 92, 100, 20998, 24564, 308.80, 61, 2655, 10251
2026/05/04 23:45:24.820, 0, 92, 100, 20998, 24564, 308.80, 61, 2655, 10251
2026/05/04 23:45:24.920, 0, 92, 100, 20998, 24564, 308.77, 61, 2655, 10251
2026/05/04 23:45:25.020, 0, 92, 100, 20998, 24564, 308.77, 61, 2655, 10251
2026/05/04 23:45:25.120, 0, 92, 100, 20998, 24564, 308.77, 61, 2655, 10251
2026/05/04 23:45:25.220, 0, 92, 100, 20998, 24564, 308.77, 61, 2655, 10251
2026/05/04 23:45:25.320, 0, 92, 100, 20998, 24564, 308.77, 61, 2655, 10251
2026/05/04 23:45:25.420, 0, 93, 100, 20998, 24564, 310.48, 61, 2655, 10251
2026/05/04 23:45:25.520, 0, 93, 100, 20998, 24564, 310.48, 61, 2655, 10251
2026/05/04 23:45:25.620, 0, 93, 100, 20998, 24564, 310.48, 61, 2655, 10251
2026/05/04 23:45:25.721, 0, 93, 100, 20998, 24564, 310.48, 61, 2655, 10251
2026/05/04 23:45:25.821, 0, 93, 100, 20998, 24564, 310.48, 61, 2655, 10251
2026/05/04 23:45:25.921, 0, 92, 100, 20998, 24564, 310.40, 61, 2655, 10251
2026/05/04 23:45:26.021, 0, 92, 100, 20998, 24564, 310.40, 61, 2655, 10251
2026/05/04 23:45:26.121, 0, 92, 100, 20998, 24564, 310.40, 61, 2655, 10251
2026/05/04 23:45:26.221, 0, 92, 100, 20998, 24564, 310.40, 61, 2655, 10251
2026/05/04 23:45:26.322, 0, 92, 100, 20998, 24564, 310.40, 61, 2655, 10251
2026/05/04 23:45:26.422, 0, 92, 100, 20998, 24564, 308.94, 61, 2655, 10251
2026/05/04 23:45:26.522, 0, 92, 100, 20998, 24564, 308.94, 61, 2655, 10251
2026/05/04 23:45:26.622, 0, 92, 100, 20998, 24564, 308.94, 61, 2655, 10251
2026/05/04 23:45:26.722, 0, 92, 100, 20998, 24564, 308.94, 61, 2655, 10251
2026/05/04 23:45:26.822, 0, 92, 100, 20998, 24564, 308.94, 61, 2655, 10251
2026/05/04 23:45:26.922, 0, 92, 100, 20998, 24564, 309.33, 61, 2655, 10251
2026/05/04 23:45:27.022, 0, 92, 100, 20998, 24564, 309.33, 61, 2655, 10251
2026/05/04 23:45:27.122, 0, 92, 100, 20998, 24564, 309.33, 61, 2655, 10251
2026/05/04 23:45:27.223, 0, 92, 100, 20998, 24564, 309.33, 61, 2655, 10251
2026/05/04 23:45:27.323, 0, 92, 100, 20998, 24564, 309.33, 61, 2655, 10251
2026/05/04 23:45:27.423, 0, 93, 100, 20998, 24564, 310.76, 62, 2655, 10251
2026/05/04 23:45:27.523, 0, 93, 100, 20998, 24564, 310.76, 62, 2655, 10251
2026/05/04 23:45:27.623, 0, 93, 100, 20998, 24564, 310.76, 62, 2655, 10251
2026/05/04 23:45:27.724, 0, 93, 100, 20998, 24564, 310.76, 62, 2655, 10251
2026/05/04 23:45:27.824, 0, 93, 100, 20998, 24564, 310.76, 62, 2655, 10251
2026/05/04 23:45:27.924, 0, 91, 100, 20998, 24564, 311.93, 62, 2655, 10251
2026/05/04 23:45:28.024, 0, 91, 100, 20998, 24564, 311.93, 62, 2655, 10251
2026/05/04 23:45:28.124, 0, 91, 100, 20998, 24564, 311.93, 62, 2655, 10251
2026/05/04 23:45:28.225, 0, 91, 100, 20998, 24564, 311.93, 62, 2655, 10251
2026/05/04 23:45:28.325, 0, 91, 100, 20998, 24564, 311.93, 62, 2655, 10251
2026/05/04 23:45:28.425, 0, 94, 100, 20998, 24564, 312.95, 62, 2655, 10251
2026/05/04 23:45:28.525, 0, 94, 100, 20998, 24564, 312.95, 62, 2655, 10251
2026/05/04 23:45:28.625, 0, 94, 100, 20998, 24564, 312.95, 62, 2655, 10251
2026/05/04 23:45:28.725, 0, 94, 100, 20998, 24564, 312.95, 62, 2655, 10251
2026/05/04 23:45:28.825, 0, 94, 100, 20998, 24564, 312.95, 62, 2655, 10251
2026/05/04 23:45:28.926, 0, 95, 100, 20998, 24564, 313.45, 62, 2655, 10251
2026/05/04 23:45:29.026, 0, 95, 100, 20998, 24564, 313.45, 62, 2655, 10251
2026/05/04 23:45:29.126, 0, 95, 100, 20998, 24564, 313.45, 62, 2655, 10251
2026/05/04 23:45:29.226, 0, 95, 100, 20998, 24564, 313.45, 62, 2655, 10251
2026/05/04 23:45:29.326, 0, 95, 100, 20998, 24564, 313.45, 62, 2655, 10251
2026/05/04 23:45:29.426, 0, 96, 100, 20998, 24564, 313.66, 61, 2655, 10251
2026/05/04 23:45:29.528, 0, 96, 100, 20998, 24564, 313.66, 61, 2655, 10251
2026/05/04 23:45:29.628, 0, 96, 100, 20998, 24564, 313.66, 61, 2655, 10251
2026/05/04 23:45:29.728, 0, 96, 100, 20998, 24564, 313.66, 61, 2655, 10251
2026/05/04 23:45:29.828, 0, 96, 100, 20998, 24564, 313.66, 61, 2655, 10251
2026/05/04 23:45:29.929, 0, 0, 0, 20998, 24564, 234.08, 55, 2655, 10251
2026/05/04 23:45:30.029, 0, 0, 0, 20998, 24564, 234.08, 55, 2655, 10251
2026/05/04 23:45:30.129, 0, 0, 0, 20998, 24564, 234.08, 55, 2655, 10251
2026/05/04 23:45:30.229, 0, 0, 0, 20998, 24564, 234.08, 55, 2655, 10251
2026/05/04 23:45:30.329, 0, 0, 0, 20998, 24564, 234.08, 55, 2655, 10251
2026/05/04 23:45:30.429, 0, 0, 0, 20998, 24564, 130.39, 54, 2655, 10251
2026/05/04 23:45:30.530, 0, 0, 0, 20998, 24564, 130.39, 54, 2655, 10251
2026/05/04 23:45:30.630, 0, 0, 0, 20998, 24564, 130.39, 54, 2655, 10251
2026/05/04 23:45:30.730, 0, 0, 0, 20998, 24564, 130.39, 54, 2655, 10251
2026/05/04 23:45:30.830, 0, 0, 0, 20998, 24564, 130.39, 54, 2655, 10251
2026/05/04 23:45:30.930, 0, 0, 0, 20998, 24564, 109.73, 54, 2655, 10251
2026/05/04 23:45:31.031, 0, 0, 0, 20998, 24564, 109.73, 54, 2655, 10251
2026/05/04 23:45:31.131, 0, 0, 0, 20998, 24564, 109.73, 54, 2655, 10251
2026/05/04 23:45:31.231, 0, 0, 0, 20998, 24564, 109.73, 54, 2655, 10251
2026/05/04 23:45:31.331, 0, 0, 0, 20998, 24564, 109.73, 54, 2655, 10251
2026/05/04 23:45:31.431, 0, 0, 0, 20998, 24564, 109.73, 53, 2655, 10251
2026/05/04 23:45:31.531, 0, 0, 0, 20998, 24564, 109.73, 53, 2655, 10251
2026/05/04 23:45:31.631, 0, 0, 0, 20998, 24564, 109.73, 53, 2655, 10251
2026/05/04 23:45:31.732, 0, 0, 0, 20998, 24564, 109.73, 53, 2655, 10251
2026/05/04 23:45:31.832, 0, 0, 0, 20998, 24564, 109.73, 53, 2655, 10251
2026/05/04 23:45:31.932, 0, 0, 0, 20998, 24564, 84.74, 53, 2535, 10251
2026/05/04 23:45:32.032, 0, 0, 0, 20998, 24564, 84.74, 53, 2535, 10251
2026/05/04 23:45:32.133, 0, 0, 0, 20998, 24564, 84.74, 53, 2535, 10251
2026/05/04 23:45:32.233, 0, 0, 0, 1, 24564, 84.74, 53, 2535, 10251
2026/05/04 23:45:32.343, 0, 0, 0, 1, 24564, 84.74, 53, 2535, 10251
2026/05/04 23:45:32.443, 0, 100, 7, 1, 24564, 80.24, 53, 2655, 10501
2026/05/04 23:45:32.544, 0, 100, 7, 1, 24564, 80.24, 53, 2655, 10501
2026/05/04 23:45:32.644, 0, 100, 7, 1, 24564, 80.24, 53, 2655, 10501
2026/05/04 23:45:32.744, 0, 100, 7, 1, 24564, 80.24, 53, 2655, 10501
2026/05/04 23:45:32.844, 0, 100, 7, 1, 24564, 80.24, 53, 2655, 10501
2026/05/04 23:45:32.944, 0, 0, 0, 1, 24564, 82.01, 53, 2655, 10501
2026/05/04 23:45:33.045, 0, 0, 0, 1, 24564, 82.01, 53, 2655, 10501
2026/05/04 23:45:33.145, 0, 0, 0, 1, 24564, 82.01, 53, 2655, 10501
2026/05/04 23:45:33.245, 0, 0, 0, 1, 24564, 82.01, 53, 2655, 10501
2026/05/04 23:45:33.345, 0, 0, 0, 1, 24564, 82.01, 53, 2655, 10501
2026/05/04 23:45:33.445, 0, 0, 0, 1, 24564, 89.80, 52, 2655, 10501
2026/05/04 23:45:33.546, 0, 0, 0, 1, 24564, 89.80, 52, 2655, 10501
2026/05/04 23:45:33.646, 0, 0, 0, 1, 24564, 89.80, 52, 2655, 10501
2026/05/04 23:45:33.746, 0, 0, 0, 1, 24564, 89.80, 52, 2655, 10501
2026/05/04 23:45:33.846, 0, 0, 0, 1, 24564, 89.80, 52, 2655, 10501
2026/05/04 23:45:33.947, 0, 0, 0, 1, 24564, 88.19, 52, 2655, 10501
2026/05/04 23:45:34.047, 0, 0, 0, 1, 24564, 88.19, 52, 2655, 10501
2026/05/04 23:45:34.147, 0, 0, 0, 1, 24564, 88.19, 52, 2655, 10501
2026/05/04 23:45:34.247, 0, 0, 0, 1, 24564, 88.19, 52, 2655, 10501
2026/05/04 23:45:34.347, 0, 0, 0, 1, 24564, 88.19, 52, 2655, 10501
2026/05/04 23:45:34.448, 0, 0, 0, 1, 24564, 88.19, 52, 2655, 10501
2026/05/04 23:45:34.548, 0, 0, 0, 1, 24564, 88.19, 52, 2655, 10501
2026/05/04 23:45:34.648, 0, 0, 0, 1, 24564, 88.19, 52, 2655, 10501
2026/05/04 23:45:34.748, 0, 0, 0, 1, 24564, 88.19, 52, 2655, 10501
2026/05/04 23:45:34.849, 0, 0, 0, 1, 24564, 88.19, 52, 2655, 10501
2026/05/04 23:45:34.950, 0, 0, 0, 1, 24564, 78.17, 51, 645, 5001
2026/05/04 23:45:35.050, 0, 0, 0, 1, 24564, 78.17, 51, 645, 5001
2026/05/04 23:45:35.151, 0, 0, 0, 1, 24564, 78.17, 51, 645, 5001
2026/05/04 23:45:35.251, 0, 0, 0, 1, 24564, 78.17, 51, 645, 5001
2026/05/04 23:45:35.351, 0, 0, 0, 1, 24564, 78.17, 51, 645, 5001
2026/05/04 23:45:35.451, 0, 0, 0, 1, 24564, 78.17, 51, 645, 5001
2026/05/04 23:45:35.551, 0, 0, 0, 1, 24564, 78.17, 51, 645, 5001
2026/05/04 23:45:35.652, 0, 0, 0, 1, 24564, 78.17, 51, 645, 5001
2026/05/04 23:45:35.752, 0, 0, 0, 1, 24564, 78.17, 51, 645, 5001
2026/05/04 23:45:35.852, 0, 0, 0, 1, 24564, 78.17, 51, 645, 5001
2026/05/04 23:45:35.953, 0, 0, 0, 1, 24564, 58.23, 50, 405, 810
2026/05/04 23:45:36.053, 0, 0, 0, 1, 24564, 58.23, 50, 405, 810
2026/05/04 23:45:36.153, 0, 0, 0, 1, 24564, 58.23, 50, 405, 810
2026/05/04 23:45:36.254, 0, 0, 0, 1, 24564, 58.23, 50, 405, 810
2026/05/04 23:45:36.354, 0, 0, 0, 1, 24564, 58.23, 50, 405, 810
2026/05/04 23:45:36.454, 0, 0, 0, 1, 24564, 58.23, 50, 405, 810
2026/05/04 23:45:36.555, 0, 0, 0, 1, 24564, 58.23, 50, 405, 810
2026/05/04 23:45:36.655, 0, 0, 0, 1, 24564, 58.23, 50, 405, 810
2026/05/04 23:45:36.755, 0, 0, 0, 1, 24564, 58.23, 50, 405, 810
